date,station,depth_m,temp_c,sal_psu,density_kg_per_m3,par,fluor_mg_per_m3,turbidity_ntu,O2_umol_per_kg,O2_pct_sat,ph
20240905,S1,0.78,16.8495,31.3065,22.7164,1.40E+03,0.9783,1.1572,200.339,81.712,8.024
20240905,S1,0.787,16.8444,31.3016,22.7138,1.70E+03,0.9838,1.1543,200.69,81.845,8.025
20240905,S1,0.789,16.8368,31.3022,22.716,1.67E+03,1.0066,1.1543,200.575,81.786,8.027
20240905,S1,0.79,16.8294,31.3028,22.7182,1.79E+03,1.0112,1.1543,200.642,81.802,8.029
20240905,S1,0.792,16.824,31.3023,22.719,1.64E+03,1.0515,1.1543,201.918,82.314,8.03
20240905,S1,0.791,16.8298,31.2936,22.711,1.66E+03,1.0506,1.1514,203.769,83.073,8.031
20240905,S1,0.79,16.8344,31.2908,22.7078,1.49E+03,1.0652,1.1079,206.081,84.021,8.031
20240905,S1,0.791,16.8355,31.2916,22.7082,1.56E+03,1.0652,1.105,207.879,84.756,8.032
20240905,S1,0.796,16.8384,31.2901,22.7064,1.43E+03,1.1147,1.1456,208.62,85.062,8.032
20240905,S1,0.801,16.8421,31.289,22.7047,1.55E+03,1.1238,1.1543,208.348,84.957,8.032
20240905,S1,0.803,16.8306,31.2989,22.7149,1.66E+03,1.1733,1.1514,208.059,84.826,8.032
20240905,S1,0.807,16.8354,31.2899,22.7069,1.61E+03,1.1916,1.1543,208.246,84.905,8.032
20240905,S1,0.802,16.8369,31.2907,22.7072,1.70E+03,1.209,1.1253,208.661,85.077,8.032
20240905,S1,0.8,16.8339,31.2935,22.71,1.53E+03,1.22,1.1079,208.784,85.124,8.032
20240905,S1,0.8,16.8424,31.2858,22.7022,1.46E+03,1.2337,1.1514,208.351,84.957,8.032
20240905,S1,0.805,16.8504,31.2849,22.6996,1.65E+03,1.2493,1.2007,208.701,85.112,8.032
20240905,S1,0.811,16.8529,31.288,22.7014,1.28E+03,1.2438,1.1833,210.366,85.797,8.032
20240905,S1,0.812,16.8336,31.3002,22.7152,1.65E+03,1.2355,1.1543,212.527,86.654,8.033
20240905,S1,0.807,16.8326,31.2923,22.7094,1.30E+03,1.231,1.1543,214.204,87.331,8.032
20240905,S1,0.805,16.8431,31.2851,22.7014,1.51E+03,1.22,1.1543,214.666,87.532,8.032
20240905,S1,0.806,16.8431,31.2897,22.7049,1.44E+03,1.2236,1.1572,214.859,87.614,8.033
20240905,S1,0.805,16.855,31.2803,22.6951,1.34E+03,1.2639,1.2007,214.718,87.571,8.032
20240905,S1,0.807,16.8596,31.2858,22.6982,1.46E+03,1.263,1.2007,213.636,87.14,8.032
20240905,S1,0.808,16.8606,31.287,22.6989,1.28E+03,1.263,1.1543,212.837,86.817,8.032
20240905,S1,0.808,16.8477,31.2965,22.7091,1.07E+03,1.2639,1.1543,213.019,86.875,8.033
20240905,S1,0.811,16.8447,31.2918,22.7062,9.25E+02,1.2767,1.1514,213.693,87.142,8.033
20240905,S1,0.883,16.8397,31.293,22.7083,8.48E+02,1.2795,1.1543,214.785,87.58,8.033
20240905,S1,1.025,16.8168,31.3047,22.7225,1.06E+03,1.2163,1.2558,215.243,87.735,8.033
20240905,S1,1.18,16.8211,31.2884,22.709,1.00E+03,1.1925,1.2935,215.822,87.969,8.033
20240905,S1,1.341,16.7938,31.3092,22.7312,1.04E+03,1.2007,1.3515,216.705,88.295,8.032
20240905,S1,1.498,16.7738,31.3065,22.7338,9.19E+02,1.2072,1.3892,217.262,88.486,8.033
20240905,S1,1.653,16.7441,31.3098,22.7431,7.97E+02,1.2694,1.3892,217.389,88.489,8.033
20240905,S1,1.806,16.7364,31.3025,22.7393,7.99E+02,1.3372,1.3892,217.154,88.376,8.033
20240905,S1,1.956,16.7475,31.2937,22.7301,7.28E+02,1.3756,1.3863,217.137,88.382,8.033
20240905,S1,2.108,16.7462,31.2984,22.7339,6.24E+02,1.4525,1.3863,217.13,88.38,8.033
20240905,S1,2.263,16.718,31.3086,22.7483,5.94E+02,1.4818,1.4414,217.138,88.342,8.033
20240905,S1,2.418,16.7062,31.3076,22.7502,5.19E+02,1.5825,1.624,216.808,88.187,8.032
20240905,S1,2.574,16.6674,31.3144,22.7643,5.25E+02,1.5853,1.6298,216.717,88.088,8.033
20240905,S1,2.732,16.6628,31.3057,22.7586,4.77E+02,1.6118,1.6733,216.629,88.039,8.032
20240905,S1,2.893,16.6666,31.3013,22.7544,4.40E+02,1.6118,1.6704,216.616,88.038,8.032
20240905,S1,3.059,16.6691,31.3044,22.7562,4.25E+02,1.6256,1.6704,217.046,88.219,8.031
20240905,S1,3.229,16.6611,31.3049,22.7584,3.73E+02,1.6265,1.6733,217.621,88.439,8.031
20240905,S1,3.399,16.6594,31.303,22.7573,3.49E+02,1.6384,1.5892,218.309,88.715,8.031
20240905,S1,3.575,16.6594,31.303,22.7574,3.19E+02,1.6384,1.5776,218.729,88.885,8.03
20240905,S1,3.745,16.6588,31.3029,22.7574,2.96E+02,1.6512,1.6124,218.855,88.935,8.031
20240905,S1,3.911,16.6617,31.3009,22.7553,2.75E+02,1.6558,1.624,217.98,88.584,8.03
20240905,S1,4.077,16.6594,31.3023,22.7568,2.60E+02,1.6292,1.5689,216.656,88.043,8.03
20240905,S1,4.246,16.6602,31.3021,22.7565,2.40E+02,1.6118,1.5312,215.314,87.498,8.03
20240905,S1,4.42,16.6582,31.3022,22.7571,2.26E+02,1.6118,1.5283,214.465,87.15,8.03
20240905,S1,4.6,16.6634,31.2992,22.7536,2.12E+02,1.6127,1.5312,214.772,87.282,8.03
20240905,S1,4.79,16.6632,31.3005,22.7547,1.96E+02,1.6182,1.595,215.749,87.679,8.03
20240905,S1,4.967,16.6604,31.3024,22.7567,1.83E+02,1.6274,1.7197,216.598,88.021,8.03
20240905,S1,5.123,16.6555,31.3027,22.7581,1.73E+02,1.6237,1.6965,217.064,88.202,8.03
20240905,S1,5.276,16.6595,31.2991,22.7544,1.61E+02,1.6118,1.624,217.062,88.206,8.03
20240905,S1,5.439,16.6642,31.2986,22.753,1.52E+02,1.6118,1.6211,217.116,88.235,8.03
20240905,S1,5.607,16.6674,31.2981,22.7519,1.43E+02,1.6118,1.5776,217.174,88.264,8.03
20240905,S1,5.769,16.6662,31.3016,22.7548,1.34E+02,1.6109,1.5747,217.15,88.254,8.031
20240905,S1,5.937,16.6631,31.2998,22.7542,1.25E+02,1.5972,1.5312,217.267,88.296,8.031
20240905,S1,6.105,16.6658,31.2992,22.7531,1.17E+02,1.5972,1.5312,217.547,88.414,8.03
20240905,S1,6.262,16.6664,31.2989,22.7528,1.10E+02,1.5596,1.4095,218.139,88.655,8.031
20240905,S1,6.428,16.6621,31.3013,22.7555,1.03E+02,1.5523,1.3863,218.648,88.856,8.031
20240905,S1,6.603,16.6625,31.3,22.7545,9.76E+01,1.5633,1.3196,218.889,88.954,8.031
20240905,S1,6.779,16.6579,31.301,22.7563,9.09E+01,1.5679,1.2964,218.76,88.894,8.03
20240905,S1,6.945,16.6624,31.2986,22.7534,8.43E+01,1.5496,1.3225,218.64,88.852,8.03
20240905,S1,7.109,16.6526,31.3049,22.7605,7.85E+01,1.5367,1.3399,218.208,88.663,8.03
20240905,S1,7.277,16.6419,31.3024,22.761,7.33E+01,1.5303,1.3196,218.007,88.562,8.03
20240905,S1,7.45,16.6451,31.3013,22.7595,6.84E+01,1.523,1.2935,218.285,88.679,8.03
20240905,S1,7.617,16.6451,31.3008,22.7591,6.43E+01,1.5184,1.2906,218.413,88.731,8.03
20240905,S1,7.784,16.6446,31.3014,22.7597,6.03E+01,1.5093,1.2964,218.271,88.673,8.03
20240905,S1,7.957,16.5634,31.3587,22.8221,5.66E+01,1.5056,1.2935,218.282,88.573,8.03
20240905,S1,8.136,16.3165,31.3858,22.8989,5.30E+01,1.4937,1.2906,219.119,88.506,8.031
20240905,S1,8.309,16.3156,31.3415,22.8651,4.96E+01,1.4882,1.2993,218.868,88.376,8.031
20240905,S1,8.481,16.351,31.3346,22.8518,4.65E+01,1.436,1.3428,218.078,88.113,8.03
20240905,S1,8.637,16.359,31.3332,22.8489,4.38E+01,1.437,1.3428,216.903,87.651,8.029
20240905,S1,8.781,16.3825,31.3217,22.8348,4.15E+01,1.4095,1.3399,215.634,87.171,8.027
20240905,S1,8.936,16.3438,31.359,22.8722,3.92E+01,1.4086,1.3428,215.194,86.95,8.027
20240905,S1,9.096,16.2769,31.3498,22.8802,3.70E+01,1.2731,1.2587,215.728,87.047,8.028
20240905,S1,9.254,16.2596,31.3529,22.8864,3.50E+01,1.2493,1.2471,216.604,87.373,8.027
20240905,S1,9.409,16.257,31.3436,22.8799,3.31E+01,1.2172,1.2471,216.786,87.437,8.025
20240905,S1,9.566,16.2551,31.3493,22.8847,3.13E+01,1.2053,1.2471,216.45,87.301,8.023
20240905,S1,9.721,16.2091,31.365,22.9071,2.97E+01,1.1971,1.2761,216.402,87.214,8.023
20240905,S1,9.873,16.1406,31.3684,22.9251,2.82E+01,1.1916,1.2935,216.558,87.163,8.023
20240905,S1,10.03,16.1448,31.3597,22.9174,2.68E+01,1.1733,1.2471,216.407,87.104,8.022
20240905,S1,10.204,16.1535,31.352,22.9096,2.52E+01,1.154,1.2007,215.925,86.92,8.022
20240905,S1,10.371,16.1333,31.3608,22.9209,2.38E+01,1.154,1.2007,215.887,86.875,8.021
20240905,S1,10.542,16.1069,31.3635,22.9289,2.25E+01,1.155,1.2007,216.042,86.895,8.02
20240905,S1,10.71,16.103,31.3629,22.9293,2.12E+01,1.1467,1.2123,216.122,86.92,8.02
20240905,S1,10.88,16.1011,31.3596,22.9271,2.01E+01,1.1229,1.2471,216.06,86.89,8.02
20240905,S1,11.057,16.0935,31.3627,22.9313,1.90E+01,1.1211,1.2355,215.851,86.795,8.019
20240905,S1,11.239,16.0855,31.3629,22.9332,1.78E+01,1.1083,1.1543,215.59,86.677,8.019
20240905,S1,11.425,16.0748,31.3632,22.9358,1.68E+01,1.1083,1.1543,215.343,86.559,8.019
20240905,S1,11.603,16.0784,31.3596,22.9322,1.58E+01,1.1083,1.2935,215.041,86.442,8.019
20240905,S1,11.786,16.0797,31.3592,22.9317,1.49E+01,1.1092,1.2935,214.903,86.389,8.018
20240905,S1,11.966,16.0841,31.3581,22.9298,1.40E+01,1.122,1.2152,214.719,86.321,8.019
20240905,S1,12.14,16.0571,31.3703,22.9452,1.33E+01,1.1238,1.2007,214.703,86.277,8.019
20240905,S1,12.307,16.0402,31.3652,22.9451,1.26E+01,1.1138,1.2007,214.881,86.317,8.018
20240905,S1,12.479,16.0481,31.3606,22.9398,1.19E+01,1.1092,1.1978,215.01,86.379,8.019
20240905,S1,12.661,16.0363,31.3715,22.9508,1.13E+01,1.1092,1.2587,214.956,86.344,8.019
20240905,S1,12.843,16.0073,31.37,22.9562,1.06E+01,1.1092,1.2935,214.591,86.148,8.019
20240905,S1,13.021,16.0003,31.3709,22.9584,1.00E+01,1.1092,1.2471,214.287,86.015,8.019
20240905,S1,13.201,15.9785,31.3766,22.9676,9.48E+00,1.1092,1.2007,214.47,86.055,8.02
20240905,S1,13.372,15.9668,31.3748,22.9688,8.98E+00,1.1037,1.1833,214.964,86.232,8.02
20240905,S1,13.543,15.9567,31.3744,22.9708,8.51E+00,1.0945,1.1543,215.047,86.249,8.02
20240905,S1,13.72,15.9404,31.3775,22.9768,8.06E+00,1.0909,1.1862,214.978,86.195,8.02
20240905,S1,13.896,15.9321,31.3763,22.9777,7.64E+00,1.079,1.2935,214.977,86.18,8.02
20240905,S1,14.082,15.9258,31.3743,22.9776,7.21E+00,1.0799,1.2877,215.053,86.199,8.02
20240905,S1,14.273,15.9288,31.3754,22.9778,6.79E+00,1.0799,1.2471,215.266,86.29,8.02
20240905,S1,14.457,15.9239,31.3742,22.978,6.41E+00,1.0799,1.2471,215.585,86.409,8.02
20240905,S1,14.645,15.9276,31.3728,22.9761,6.04E+00,1.0945,1.1543,215.728,86.471,8.021
20240905,S1,14.83,15.9094,31.382,22.9872,5.70E+00,1.0945,1.1543,215.556,86.377,8.023
20240905,S1,15.018,15.8779,31.3854,22.9968,5.38E+00,1.0936,1.1543,215.356,86.246,8.024
20240905,S1,15.205,15.8576,31.3846,23.0007,5.07E+00,1.0927,1.1543,215.14,86.125,8.026
20240905,S1,15.397,15.875,31.3742,22.9888,4.78E+00,1.0826,1.1891,214.574,85.922,8.027
20240905,S1,15.57,15.8773,31.3802,22.9929,4.53E+00,1.0799,1.2007,214.046,85.717,8.027
20240905,S1,15.736,15.8608,31.3818,22.9978,4.31E+00,1.0799,1.2007,213.807,85.595,8.028
20240905,S1,15.901,15.8577,31.3835,22.9998,4.09E+00,1.0799,1.2007,213.78,85.58,8.028
20240905,S1,16.081,15.8507,31.3774,22.9967,3.87E+00,1.0717,1.2007,214.168,85.72,8.029
20240905,S1,16.261,15.8295,31.3896,23.0108,3.66E+00,1.0652,1.2007,214.597,85.864,8.029
20240905,S1,16.443,15.8583,31.3731,22.9917,3.46E+00,1.0762,1.1833,214.43,85.835,8.03
20240905,S1,16.625,15.8621,31.3772,22.994,3.26E+00,1.0955,1.1543,213.996,85.67,8.03
20240905,S1,16.808,15.8658,31.3791,22.9947,3.08E+00,1.0872,1.1543,213.555,85.501,8.03
20240905,S1,16.98,15.8208,31.3937,23.0158,2.92E+00,1.0652,1.1543,213.574,85.442,8.031
20240905,S1,17.156,15.8049,31.3884,23.0153,2.77E+00,1.0652,1.1514,213.804,85.504,8.031
20240905,S1,17.337,15.8073,31.3809,23.009,2.62E+00,1.0643,1.1543,213.931,85.555,8.031
20240905,S1,17.522,15.8323,31.3782,23.0014,2.48E+00,1.0643,1.1543,213.863,85.568,8.031
20240905,S1,17.711,15.8359,31.3793,23.0014,2.33E+00,1.0643,1.105,213.816,85.556,8.032
20240905,S1,17.89,15.8263,31.3846,23.0077,2.20E+00,1.0652,1.1079,214.006,85.619,8.032
20240905,S1,18.069,15.8121,31.3847,23.0109,2.09E+00,1.0781,1.1456,214.422,85.761,8.032
20240905,S1,18.244,15.8239,31.378,23.0031,1.97E+00,1.0799,1.1543,214.362,85.753,8.033
20240905,S1,18.43,15.8339,31.38,23.0024,1.86E+00,1.068,1.0847,214.228,85.718,8.033
20240905,S1,18.613,15.8215,31.3865,23.0102,1.76E+00,1.0652,1.0587,214.297,85.728,8.034
20240905,S1,18.805,15.819,31.3791,23.005,1.66E+00,1.0826,1.0876,214.482,85.794,8.034
20240905,S1,18.996,15.8187,31.3832,23.0083,1.56E+00,1.0945,1.105,214.728,85.894,8.035
20240905,S1,19.181,15.8171,31.382,23.0077,1.47E+00,1.0945,1.1282,214.717,85.886,8.035
20240905,S1,19.356,15.8116,31.3837,23.0103,1.40E+00,1.0945,1.1543,214.587,85.826,8.036
20240905,S1,19.534,15.8105,31.3819,23.0091,1.32E+00,1.1009,1.1369,214.535,85.802,8.036
20240905,S1,19.717,15.7196,31.4189,23.0576,1.25E+00,1.1101,1.1079,214.757,85.76,8.037
20240905,S1,19.913,15.7202,31.3914,23.0363,1.18E+00,1.1046,1.0934,214.759,85.746,8.037
20240905,S1,20.105,15.7057,31.399,23.0454,1.11E+00,1.0936,1.0587,214.48,85.615,8.037
20240905,S1,20.288,15.7165,31.3921,23.0377,1.05E+00,1.0945,1.0645,213.993,85.434,8.037
20240905,S1,20.45,15.7225,31.3904,23.0351,9.98E-01,1.0945,1.1079,213.844,85.384,8.037
20240905,S1,20.613,15.7118,31.3936,23.0399,9.43E-01,1.0945,1.1079,214.027,85.441,8.037
20240905,S1,20.783,15.7286,31.3842,23.029,8.98E-01,1.0955,1.0616,214.338,85.587,8.037
20240905,S1,20.949,15.7398,31.3897,23.0307,8.56E-01,1.0945,1.0616,214.626,85.725,8.036
20240905,S1,21.133,15.7363,31.3889,23.0309,8.06E-01,1.0808,1.021,214.669,85.735,8.036
20240905,S1,21.325,15.7449,31.3883,23.0286,7.59E-01,1.079,1.0123,214.685,85.756,8.036
20240905,S1,21.504,15.6861,31.4052,23.0545,7.13E-01,1.0781,1.0818,214.545,85.611,8.037
20240905,S1,21.667,15.7317,31.3768,23.0227,6.80E-01,1.079,1.105,213.906,85.416,8.037
20240905,S1,21.833,15.7117,31.3975,23.043,6.50E-01,1.0698,1.105,213.811,85.357,8.037
20240905,S1,22.002,15.7028,31.3966,23.0442,6.10E-01,1.0643,1.105,213.968,85.404,8.037
20240905,S1,22.179,15.6709,31.4025,23.0558,5.75E-01,1.0588,1.0355,214.446,85.544,8.038
20240905,S1,22.364,15.6574,31.4002,23.057,5.42E-01,1.0515,0.9659,214.483,85.535,8.037
20240905,S1,22.552,15.6625,31.3936,23.0508,5.08E-01,1.057,1.0326,214.187,85.422,8.037
20240905,S1,22.731,15.6675,31.3986,23.0536,4.81E-01,1.0662,1.1514,213.928,85.33,8.037
20240905,S1,22.898,15.6621,31.3981,23.0543,4.50E-01,1.0689,1.1282,213.917,85.316,8.037
20240905,S1,23.067,15.6623,31.396,23.0527,4.27E-01,1.0799,1.0587,213.874,85.298,8.037
20240905,S1,23.237,15.6541,31.3992,23.057,4.06E-01,1.0762,1.0587,213.817,85.264,8.037
20240905,S1,23.42,15.6515,31.3981,23.0567,3.87E-01,1.0506,1.0587,213.715,85.218,8.037
20240905,S1,23.614,15.6468,31.4009,23.0598,3.63E-01,1.0497,1.0587,213.618,85.173,8.037
20240905,S1,23.801,15.636,31.3999,23.0615,3.38E-01,1.0945,1.0123,213.715,85.193,8.037
20240905,S1,23.989,15.6361,31.3999,23.0614,3.22E-01,1.0964,1.0152,213.765,85.213,8.037
20240905,S1,24.155,15.6461,31.3965,23.0567,3.06E-01,1.0955,1.0529,213.636,85.176,8.037
20240905,S1,24.322,15.6212,31.4044,23.0682,2.90E-01,1.0945,1.0587,213.746,85.183,8.037
20240905,S1,24.499,15.6243,31.4006,23.0646,2.74E-01,1.0717,1.0587,214.127,85.338,8.037
20240905,S1,24.687,15.6257,31.3992,23.0632,2.53E-01,1.0643,1.0587,214.486,85.483,8.037
20240905,S1,24.886,15.5998,31.4092,23.0766,2.34E-01,1.0826,1.0587,214.267,85.358,8.037
20240905,S1,25.075,15.5996,31.4025,23.0715,2.19E-01,1.0945,1.0587,213.894,85.205,8.037
20240905,S1,25.247,15.5997,31.4019,23.071,2.08E-01,1.1009,1.0587,213.781,85.16,8.037
20240905,S1,25.413,15.5989,31.4023,23.0715,1.91E-01,1.1083,1.0587,213.742,85.143,8.037
20240905,S1,25.583,15.5987,31.4029,23.072,1.83E-01,1.1028,1.076,213.626,85.097,8.036
20240905,S1,25.763,15.5937,31.4041,23.074,1.77E-01,1.0936,1.1079,213.246,84.938,8.036
20240905,S1,25.953,15.5839,31.4042,23.0763,1.64E-01,1.0964,1.1282,212.859,84.768,8.036
20240905,S1,26.145,15.594,31.4015,23.0719,1.49E-01,1.1092,1.2007,212.797,84.758,8.036
20240905,S1,26.33,15.5833,31.4043,23.0765,1.41E-01,1.1064,1.1659,212.943,84.8,8.036
20240905,S1,26.498,15.5715,31.4063,23.0806,1.31E-01,1.0945,0.9166,213.313,84.929,8.036
20240905,S1,26.664,15.5763,31.4039,23.0777,1.20E-01,1.0945,0.9166,213.567,85.037,8.035
20240905,S1,26.834,15.5722,31.4061,23.0803,1.11E-01,1.0799,1.0123,213.909,85.168,8.035
20240905,S1,27.014,15.5708,31.4044,23.0793,1.04E-01,1.0781,1.0123,214.044,85.218,8.035
20240905,S1,27.197,15.5701,31.4033,23.0786,9.63E-02,1.079,1.134,213.99,85.195,8.035
20240905,S1,27.387,15.5647,31.4064,23.0822,8.65E-02,1.079,1.1514,213.603,85.033,8.035
20240905,S1,27.563,15.5561,31.4059,23.0837,8.13E-02,1.0579,1.0818,213.024,84.788,8.035
20240905,S1,27.734,15.5677,31.4025,23.0785,6.94E-02,1.0497,1.0587,212.518,84.604,8.035
20240905,S1,27.9,15.5606,31.4045,23.0816,6.17E-02,1.0588,1.0558,212.55,84.606,8.035
20240905,S1,28.079,15.5589,31.4074,23.0843,5.98E-02,1.0643,1.0558,213.125,84.834,8.039
20240905,S1,28.258,15.5531,31.4051,23.0837,5.34E-02,1.0579,1.105,213.843,85.108,8.06
20240905,S1,28.451,15.5472,31.4116,23.09,4.75E-02,1.0515,1.1514,214.26,85.268,8.098
20240905,S1,28.633,15.5227,31.4112,23.0951,4.63E-02,1.0451,1.1166,214.121,85.172,8.136
20240905,S1,28.804,15.5114,31.4149,23.1004,3.85E-02,1.0359,1.0587,213.679,84.979,8.179
20240905,S1,28.968,15.4881,31.4141,23.1048,3.79E-02,1.0387,1.0789,213.763,84.973,8.209
20240905,S1,29.139,15.497,31.4109,23.1005,3.27E-02,1.0506,1.1514,213.958,85.064,8.225
20240905,S1,29.316,15.4939,31.4123,23.1022,3.01E-02,1.0506,1.1572,213.879,85.028,8.233
20240905,S1,29.501,15.511,31.408,23.0952,2.80E-02,1.0497,1.1978,213.41,84.868,8.238
20240905,S1,29.682,15.515,31.4084,23.0947,2.17E-02,1.0506,1.2007,212.997,84.71,8.243
20240905,S1,29.853,15.5066,31.412,23.0992,1.70E-02,1.0359,1.2007,213.031,84.712,8.248
20240905,S1,30.017,15.4999,31.413,23.1015,1.30E-02,1.0369,1.2007,213.379,84.84,8.254
20240905,S1,30.184,15.5045,31.4069,23.0958,1.34E-02,1.0369,1.2413,213.509,84.896,8.26
20240905,S1,30.361,15.5091,31.4111,23.098,7.11E-03,1.0359,1.2471,213.435,84.876,8.265
20240905,S1,30.547,15.5148,31.4051,23.0922,3.14E-03,1.025,1.279,213.441,84.885,8.269
20240905,S1,30.728,15.5254,31.4057,23.0904,1.21E-04,1.0213,1.2935,213.503,84.927,8.272
20240905,S1,30.9,15.5171,31.4097,23.0952,7.66E-04,1.0112,1.2355,213.513,84.92,8.275
20240905,S1,31.064,15.5165,31.4089,23.0947,7.55E-05,1.0057,1.2007,213.502,84.914,8.278
20240905,S1,31.227,15.5101,31.4098,23.0969,7.55E-05,1.0131,1.2239,213.715,84.989,8.283
20240905,S1,31.404,15.5029,31.4121,23.1002,7.55E-05,1.0204,1.2471,213.81,85.016,8.288
20240905,S1,31.592,15.468,31.4243,23.1172,7.55E-05,1.0204,1.2297,213.806,84.963,8.294
20240905,S1,31.776,15.4547,31.4144,23.1125,6.02E-05,1.0213,1.2007,213.612,84.858,8.299
20240905,S1,31.951,15.4434,31.4191,23.1185,6.02E-05,1.0131,1.1862,213.208,84.681,8.304
20240905,S1,32.12,15.4324,31.4192,23.121,6.02E-05,0.9911,1.1514,212.855,84.523,8.31
20240905,S1,32.283,15.4733,31.4045,23.1008,6.02E-05,0.992,1.1949,212.526,84.451,8.315
20240905,S1,32.456,15.4295,31.4274,23.128,6.02E-05,0.992,1.5283,212.771,84.49,8.32
20240905,S1,32.644,15.4139,31.4204,23.1259,6.02E-05,0.9911,1.5283,212.923,84.52,8.324
20240905,S1,32.84,15.4165,31.4185,23.124,7.55E-05,1.0057,1.1572,212.818,84.481,8.327
20240905,S1,33.007,15.4201,31.4172,23.1222,6.02E-05,1.0057,1.1514,212.333,84.294,8.33
20240905,S1,33.159,15.4303,31.4155,23.1186,6.02E-05,0.9929,1.2732,211.853,84.119,8.334
20240905,S1,33.318,15.4332,31.4163,23.1187,6.02E-05,0.9911,1.2935,211.754,84.085,8.338
20240905,S1,33.479,15.4355,31.4156,23.1176,6.02E-05,0.9682,1.3283,212.061,84.21,8.344
20240905,S1,33.655,15.4261,31.4186,23.1219,6.02E-05,0.9627,1.3399,212.551,84.391,8.35
20240905,S1,33.836,15.4371,31.4131,23.1154,6.02E-05,0.9709,1.3689,212.678,84.457,8.358
20240905,S1,34.006,15.4447,31.4136,23.1141,6.02E-05,0.9773,1.3892,212.349,84.339,8.369
20240905,S1,34.164,15.4473,31.4134,23.1133,6.02E-05,0.9627,1.366,212.086,84.239,8.381
20240905,S1,34.286,15.4435,31.4152,23.1156,7.55E-05,0.9471,1.3399,212.077,84.23,8.392
20240905,S1,34.38,15.4468,31.4145,23.1143,6.02E-05,0.9416,1.2877,212.011,84.209,8.4
20240905,S1,34.483,15.4457,31.4144,23.1145,6.02E-05,0.9334,1.2007,212.087,84.237,8.408
20240905,S1,34.593,15.4389,31.4171,23.118,6.02E-05,0.9362,1.1659,212.142,84.249,8.415
20240905,S1,34.701,15.4389,31.4142,23.1158,6.02E-05,0.9471,1.0616,212.176,84.261,8.422
20240905,S1,34.734,15.4387,31.4167,23.1178,6.02E-05,0.9481,1.0587,212.435,84.365,8.428
20240905,S2,0.754,14.7103,31.4857,23.3257,1.86E+03,0.8849,0.818,225.643,88.369,8.077
20240905,S2,0.76,14.7177,31.4857,23.3241,1.84E+03,0.8739,0.7832,225.732,88.417,8.075
20240905,S2,0.757,14.7144,31.4845,23.3239,1.69E+03,0.8666,0.8064,225.575,88.349,8.076
20240905,S2,0.749,14.7166,31.4849,23.3237,1.84E+03,0.8592,0.8296,225.171,88.195,8.075
20240905,S2,0.74,14.7199,31.4828,23.3214,1.95E+03,0.8483,0.8122,225.179,88.202,8.076
20240905,S2,0.738,14.7223,31.4817,23.32,1.79E+03,0.8309,0.7832,225.703,88.411,8.076
20240905,S2,0.747,14.7509,31.4741,23.3081,1.76E+03,0.8309,0.7832,226.219,88.659,8.076
20240905,S2,0.753,14.7616,31.4741,23.3059,1.76E+03,0.8309,0.7832,226.598,88.827,8.075
20240905,S2,0.751,14.7663,31.479,23.3087,1.66E+03,0.8373,0.7774,226.384,88.754,8.076
20240905,S2,0.753,14.7675,31.4813,23.3103,1.83E+03,0.8904,0.7368,225.609,88.454,8.076
20240905,S2,0.753,14.7629,31.4832,23.3126,1.75E+03,0.8904,0.7368,224.618,88.058,8.076
20240905,S2,0.752,14.7611,31.4823,23.3124,1.84E+03,0.8895,0.7832,224.126,87.862,8.076
20240905,S2,0.747,14.758,31.4832,23.3137,1.94E+03,0.8895,0.7832,224.385,87.958,8.077
20240905,S2,0.742,14.768,31.4824,23.311,1.65E+03,0.8519,0.7803,224.673,88.088,8.076
20240905,S2,0.753,14.7622,31.4844,23.3137,1.69E+03,0.8455,0.7832,225.224,88.295,8.076
20240905,S2,0.756,14.7727,31.4775,23.3062,1.85E+03,0.8895,0.7832,225.515,88.423,8.076
20240905,S2,0.758,14.7805,31.4776,23.3046,1.71E+03,0.905,0.7832,225.866,88.575,8.076
20240905,S2,0.755,14.7821,31.4814,23.3072,1.88E+03,0.9307,0.8122,226.079,88.664,8.077
20240905,S2,0.751,14.7826,31.4814,23.3071,1.84E+03,0.9481,0.8296,225.876,88.585,8.076
20240905,S2,0.754,14.7836,31.4836,23.3086,1.82E+03,0.9343,0.7832,225.532,88.453,8.076
20240905,S2,0.756,14.7662,31.4919,23.3186,1.76E+03,0.9188,0.7339,225.067,88.245,8.076
20240905,S2,0.758,14.7189,31.4937,23.33,1.76E+03,0.9087,0.7687,225.181,88.208,8.076
20240905,S2,0.754,14.7519,31.4764,23.3097,1.88E+03,0.8885,0.8296,225.181,88.255,8.076
20240905,S2,0.847,14.7623,31.4742,23.3058,2.04E+03,0.8922,0.818,225.245,88.297,8.076
20240905,S2,1.039,14.754,31.4949,23.3236,1.75E+03,0.9032,0.7832,225.603,88.436,8.075
20240905,S2,1.244,14.704,31.503,23.3403,1.30E+03,0.9087,0.8093,226.262,88.611,8.076
20240905,S2,1.44,14.6735,31.4875,23.3348,5.39E+02,0.9481,1.0181,226.526,88.651,8.077
20240905,S2,1.634,14.7114,31.4872,23.3266,2.48E+02,0.9481,1.0181,225.818,88.44,8.077
20240905,S2,1.827,14.6452,31.5099,23.3581,2.17E+02,0.9773,1.0645,225.328,88.146,8.078
20240905,S2,2.029,14.6549,31.4874,23.3387,2.02E+02,0.9773,1.0674,224.698,87.903,8.078
20240905,S2,2.23,14.6529,31.4941,23.3443,1.94E+02,0.9902,0.9862,224.44,87.802,8.078
20240905,S2,2.431,14.6134,31.5041,23.3603,1.86E+02,0.9929,0.9717,224.913,87.924,8.078
20240905,S2,2.624,14.6311,31.4942,23.3489,1.82E+02,1.0021,1.0065,225.314,88.106,8.079
20240905,S2,2.815,14.5773,31.5169,23.3777,1.79E+02,1.0076,1.0181,225.752,88.196,8.079
20240905,S2,3.01,14.4805,31.5308,23.4087,1.79E+02,1.0341,0.9891,226.284,88.242,8.08
20240905,S2,3.219,14.4036,31.5406,23.4322,1.79E+02,1.0515,0.9746,226.497,88.195,8.08
20240905,S2,3.421,14.3546,31.5333,23.4367,1.79E+02,1.1202,0.9485,226.477,88.096,8.08
20240905,S2,3.611,14.4247,31.4913,23.3898,1.79E+02,1.1925,0.9253,226.002,88.009,8.079
20240905,S2,3.79,14.4736,31.5051,23.3903,1.80E+02,1.198,0.9108,224.809,87.639,8.078
20240905,S2,3.982,14.4486,31.5183,23.4057,1.80E+02,1.2062,0.8789,223.975,87.278,8.078
20240905,S2,4.183,14.3981,31.5253,23.4216,1.79E+02,1.2108,0.8905,223.972,87.193,8.078
20240905,S2,4.386,14.4562,31.4885,23.3811,1.78E+02,1.2209,0.9253,223.698,87.165,8.077
20240905,S2,4.586,14.5059,31.4899,23.3719,1.77E+02,1.2236,0.9253,223.826,87.303,8.077
20240905,S2,4.79,14.5544,31.4862,23.3589,1.76E+02,1.2364,0.9253,224.22,87.539,8.077
20240905,S2,4.998,14.519,31.5124,23.3865,1.74E+02,1.2364,0.9253,225.207,87.878,8.078
20240905,S2,5.202,14.5475,31.4934,23.3659,1.70E+02,1.2209,0.9253,226.099,88.265,8.078
20240905,S2,5.403,14.4767,31.5176,23.3994,1.68E+02,1.2218,0.9253,226.716,88.395,8.078
20240905,S2,5.611,14.3746,31.553,23.4479,1.65E+02,1.1962,0.9659,226.968,88.334,8.079
20240905,S2,5.814,14.2968,31.5278,23.4446,1.60E+02,1.1925,0.9717,226.773,88.106,8.079
20240905,S2,6.014,14.3355,31.5163,23.4277,1.55E+02,1.1815,0.9021,226.014,87.872,8.078
20240905,S2,6.22,14.3328,31.5177,23.4293,1.50E+02,1.1779,0.8789,225.547,87.686,8.077
20240905,S2,6.43,14.4083,31.5083,23.4065,1.44E+02,1.187,0.876,224.949,87.581,8.076
20240905,S2,6.642,14.3155,31.5324,23.4443,1.39E+02,1.1925,0.876,225.46,87.631,8.077
20240905,S2,6.838,14.2169,31.5574,23.4839,1.33E+02,1.2062,0.9021,226.083,87.715,8.077
20240905,S2,7.03,14.0691,31.5847,23.5354,1.30E+02,1.2209,0.9253,226.646,87.689,8.077
20240905,S2,7.223,13.9503,31.5435,23.5278,1.25E+02,1.2007,0.8905,226.739,87.489,8.076
20240905,S2,7.421,13.9434,31.5536,23.537,1.21E+02,1.165,0.8296,225.932,87.172,8.073
20240905,S2,7.622,14.0009,31.5637,23.5331,1.18E+02,1.1559,0.8412,224.49,86.722,8.071
20240905,S2,7.832,13.9621,31.5778,23.5519,1.14E+02,1.1266,0.8731,223.741,86.374,8.07
20240905,S2,8.043,13.8694,31.5582,23.5556,1.10E+02,1.1293,0.8876,223.586,86.141,8.069
20240905,S2,8.238,14.0016,31.5205,23.4997,1.06E+02,1.165,0.9717,222.489,85.925,8.069
20240905,S2,8.418,13.9918,31.5544,23.5278,1.03E+02,1.1641,0.9688,222.201,85.817,8.07
20240905,S2,8.604,13.6861,31.6628,23.6734,9.96E+01,1.1797,0.9224,223.653,85.909,8.072
20240905,S2,8.81,13.3036,31.6785,23.7618,9.63E+01,1.1788,0.9224,225.978,86.139,8.073
20240905,S2,9.015,13.2119,31.6462,23.7548,9.38E+01,1.0561,0.8006,226.789,86.267,8.072
20240905,S2,9.209,13.2152,31.6294,23.7412,9.17E+01,1.0378,0.7803,226.002,85.963,8.067
20240905,S2,9.401,13.1795,31.6436,23.7592,8.93E+01,1.0579,0.7803,224.295,85.26,8.063
20240905,S2,9.591,13.1557,31.6252,23.7497,8.59E+01,1.0671,0.7803,222.054,84.356,8.059
20240905,S2,9.775,13.1336,31.6419,23.7669,8.33E+01,1.0478,0.7803,220.218,83.63,8.055
20240905,S2,9.963,13.1353,31.6261,23.7544,8.00E+01,1.0369,0.7803,218.96,83.146,8.052
20240905,S2,10.163,13.1349,31.6309,23.7581,7.66E+01,1.0305,0.8035,218.426,82.946,8.051
20240905,S2,10.364,13.1069,31.6327,23.765,7.33E+01,1.0222,0.8296,218.529,82.938,8.05
20240905,S2,10.561,13.0822,31.6364,23.7727,7.02E+01,1.0167,0.8267,218.59,82.921,8.049
20240905,S2,10.757,13.0526,31.633,23.7759,6.70E+01,1.0076,0.8267,218.598,82.872,8.047
20240905,S2,10.959,13.0422,31.6335,23.7783,6.40E+01,0.9966,0.8383,218.383,82.773,8.047
20240905,S2,11.156,13.0465,31.6321,23.7764,6.10E+01,0.9627,0.876,217.835,82.572,8.046
20240905,S2,11.344,12.9494,31.6618,23.8182,5.81E+01,0.9654,0.876,217.829,82.422,8.045
20240905,S2,11.547,12.8927,31.6538,23.8231,5.55E+01,0.9783,0.876,217.942,82.364,8.045
20240905,S2,11.757,12.8981,31.6415,23.8125,5.30E+01,0.9783,0.876,218.043,82.405,8.044
20240905,S2,11.962,12.8981,31.6459,23.8159,5.05E+01,0.905,0.8267,218.179,82.459,8.042
20240905,S2,12.167,12.8773,31.6453,23.8194,4.81E+01,0.905,0.8267,218.164,82.417,8.041
20240905,S2,12.361,12.8675,31.6456,23.8216,4.61E+01,0.8913,0.8267,217.703,82.227,8.041
20240905,S2,12.545,12.8614,31.6442,23.8217,4.41E+01,0.8895,0.8296,217.022,81.958,8.04
20240905,S2,12.744,12.8598,31.6425,23.8207,4.23E+01,0.8895,0.8238,216.432,81.732,8.039
20240905,S2,12.948,12.8647,31.6398,23.8177,4.03E+01,0.8895,0.8267,215.952,81.557,8.038
20240905,S2,13.138,12.8679,31.6396,23.8169,3.85E+01,0.8895,0.8296,215.71,81.471,8.038
20240905,S2,13.32,12.8692,31.6385,23.8158,3.70E+01,0.8895,0.8267,215.515,81.399,8.038
20240905,S2,13.519,12.8741,31.6363,23.8131,3.54E+01,0.8885,0.8035,215.285,81.319,8.038
20240905,S2,13.715,12.8763,31.6369,23.8131,3.39E+01,0.8895,0.7803,215.064,81.24,8.037
20240905,S2,13.906,12.8714,31.6382,23.8151,3.24E+01,0.8895,0.7803,214.88,81.163,8.037
20240905,S2,14.1,12.8654,31.638,23.8161,3.11E+01,0.8895,0.7803,214.664,81.071,8.037
20240905,S2,14.293,12.8645,31.637,23.8155,2.97E+01,0.8895,0.7803,214.423,80.978,8.037
20240905,S2,14.489,12.871,31.634,23.812,2.84E+01,0.8885,0.7803,214.387,80.974,8.037
20240905,S2,14.681,12.8763,31.6344,23.8113,2.71E+01,0.8895,0.7861,214.61,81.067,8.037
20240905,S2,14.875,12.8771,31.6328,23.8099,2.59E+01,0.8885,0.8267,215.057,81.236,8.037
20240905,S2,15.059,12.8869,31.6313,23.8068,2.47E+01,0.8885,0.8267,215.437,81.395,8.037
20240905,S2,15.246,12.8904,31.6317,23.8065,2.37E+01,0.8895,0.7803,215.618,81.47,8.037
20240905,S2,15.448,12.8869,31.6318,23.8072,2.26E+01,0.8895,0.7803,215.45,81.4,8.037
20240905,S2,15.652,12.8851,31.6324,23.8081,2.15E+01,0.8895,0.7803,215.028,81.238,8.037
20240905,S2,15.846,12.8803,31.6333,23.8097,2.05E+01,0.8895,0.7803,214.881,81.175,8.037
20240905,S2,16.041,12.8672,31.6349,23.8135,1.96E+01,0.9004,0.8151,215.061,81.222,8.038
20240905,S2,16.234,12.8505,31.6402,23.8208,1.87E+01,0.9041,0.8296,215.246,81.267,8.037
20240905,S2,16.429,12.8171,31.6422,23.8288,1.78E+01,0.8858,0.7977,215.676,81.375,8.037
20240905,S2,16.625,12.8146,31.6378,23.8258,1.70E+01,0.8748,0.7803,215.894,81.45,8.037
20240905,S2,16.823,12.8314,31.6347,23.8202,1.62E+01,0.8748,0.7803,215.661,81.389,8.036
20240905,S2,17.019,12.8121,31.6406,23.8285,1.55E+01,0.8748,0.7803,215.42,81.269,8.036
20240905,S2,17.218,12.8254,31.6351,23.8217,1.47E+01,0.8638,0.7977,214.848,81.072,8.037
20240905,S2,17.424,12.8263,31.6372,23.8232,1.40E+01,0.8464,0.8267,214.463,80.929,8.036
20240905,S2,17.624,12.7819,31.6491,23.8409,1.34E+01,0.8501,0.8151,214.653,80.934,8.037
20240905,S2,17.812,12.7246,31.6555,23.8569,1.28E+01,0.8611,0.7803,215.045,80.989,8.037
20240905,S2,18.005,12.6439,31.6717,23.8849,1.22E+01,0.8583,0.7803,215.529,81.046,8.036
20240905,S2,18.198,12.6424,31.6545,23.8719,1.16E+01,0.8455,0.7803,215.544,81.039,8.035
20240905,S2,18.388,12.629,31.662,23.8802,1.11E+01,0.8464,0.7774,215.171,80.881,8.034
20240905,S2,18.608,12.6271,31.6562,23.8761,1.05E+01,0.7878,0.876,214.405,80.586,8.033
20240905,S2,18.848,12.6276,31.6622,23.8807,9.93E+00,0.7878,0.876,213.413,80.218,8.032
20240905,S2,19.08,12.5831,31.6677,23.8934,9.35E+00,0.8007,0.876,212.68,79.872,8.031
20240905,S2,19.297,12.6047,31.6527,23.8777,8.81E+00,0.8025,0.876,212.154,79.701,8.03
20240905,S2,19.523,12.5391,31.6832,23.9138,8.32E+00,0.7906,0.9108,212.217,79.634,8.03
20240905,S2,19.757,12.4537,31.6892,23.9346,7.82E+00,0.7869,0.9253,212.72,79.685,8.031
20240905,S2,20.004,12.4036,31.6936,23.9475,7.34E+00,0.7677,0.9514,213.046,79.726,8.03
20240905,S2,20.247,12.3305,31.7017,23.9675,6.90E+00,0.7576,0.9688,213.156,79.651,8.029
20240905,S2,20.49,12.2603,31.7127,23.9892,6.47E+00,0.7274,1.0152,213.107,79.523,8.027
20240905,S2,20.723,12.2356,31.7046,23.9876,6.07E+00,0.6981,1.0645,212.547,79.269,8.024
20240905,S2,20.949,12.2619,31.6946,23.9749,5.72E+00,0.6862,1.0645,211.422,78.887,8.022
20240905,S2,21.175,12.2602,31.6973,23.9774,5.38E+00,0.6679,1.0616,210.568,78.567,8.02
20240905,S2,21.409,12.2376,31.7022,23.9854,5.06E+00,0.6679,1.076,209.979,78.313,8.02
20240905,S2,21.651,12.2279,31.6988,23.9845,4.76E+00,0.6679,1.1108,209.567,78.142,8.019
20240905,S2,21.905,12.215,31.7018,23.9893,4.45E+00,0.6716,1.0992,209.627,78.144,8.018
20240905,S2,22.15,12.1882,31.7074,23.9987,4.17E+00,0.6981,1.0181,209.87,78.195,8.018
20240905,S2,22.38,12.1421,31.718,24.0154,3.91E+00,0.6963,1.0181,210.159,78.233,8.017
20240905,S2,22.609,12.087,31.7219,24.0287,3.69E+00,0.6532,1.2529,210.333,78.21,8.016
20240905,S2,22.85,12.1139,31.7023,24.0085,3.46E+00,0.6532,1.2529,209.794,78.043,8.015
20240905,S2,23.105,12.1242,31.7108,24.0132,3.23E+00,0.6404,1.0847,209.296,77.879,8.014
20240905,S2,23.357,12.0909,31.7183,24.0252,3.01E+00,0.6386,1.0616,208.99,77.715,8.014
20240905,S2,23.6,12.0466,31.7199,24.0347,2.81E+00,0.6377,1.0268,208.611,77.503,8.014
20240905,S2,23.837,12.0274,31.7239,24.0413,2.64E+00,0.6386,1.0152,208.103,77.285,8.014
20240905,S2,24.092,11.9544,31.7387,24.0663,2.45E+00,0.6386,1.1659,208.007,77.14,8.013
20240905,S2,24.343,11.8483,31.7604,24.1027,2.29E+00,0.6386,1.2529,208.369,77.115,8.011
20240905,S2,24.585,11.7813,31.7574,24.1126,2.13E+00,0.623,1.2268,208.837,77.177,8.009
20240905,S2,24.821,11.7687,31.7498,24.109,1.99E+00,0.6093,1.2036,208.761,77.125,8.007
20240905,S2,25.061,11.7655,31.7493,24.1092,1.86E+00,0.5919,1.2239,208.063,76.862,8.006
20240905,S2,25.302,11.7946,31.736,24.0935,1.73E+00,0.5635,1.2529,207.104,76.547,8.005
20240905,S2,25.451,11.7769,31.7535,24.1104,1.63E+00,0.5599,1.2906,206.172,76.184,8.004
20240905,S2,25.464,11.755,31.7516,24.1129,1.60E+00,0.5498,1.3892,205.507,75.902,8.004
20240905,S2,25.465,11.7522,31.7451,24.1084,1.59E+00,0.5516,1.3573,205.294,75.815,8.004
20240905,S2,25.472,11.7457,31.7494,24.1129,1.58E+00,0.5644,1.1572,205.317,75.816,8.003
20240905,S2,25.482,11.7419,31.746,24.1109,1.56E+00,0.5644,1.1572,205.313,75.806,8.003
20240905,S2,25.493,11.7432,31.745,24.1099,1.54E+00,0.5644,1.3428,205.342,75.819,8.003
20240905,S2,25.501,11.7449,31.7442,24.109,1.51E+00,0.5654,1.3428,205.439,75.857,8.003
20240905,S2,25.507,11.7482,31.7419,24.1066,1.48E+00,0.5507,1.2181,205.404,75.848,8.002
20240905,S2,25.516,11.7531,31.7415,24.1054,1.46E+00,0.5498,1.2036,205.308,75.82,8.002
20240905,S2,25.525,11.7633,31.7389,24.1015,1.44E+00,0.537,1.3486,205.06,75.743,8.002
20240905,S2,25.532,11.7582,31.7422,24.105,1.40E+00,0.5342,1.3921,204.867,75.666,8.002
20240905,S2,25.538,11.7513,31.7432,24.1071,1.38E+00,0.5342,1.3602,204.93,75.678,8.002
20240905,S2,25.546,11.7484,31.7415,24.1062,1.37E+00,0.5342,1.3457,205.104,75.737,8.001
20240905,S2,25.555,11.7495,31.74,24.1049,1.36E+00,0.5416,1.3457,205.244,75.79,8.001
20240905,S3,0.752,15.7941,31.193,22.8669,2.01E+03,1.0213,0.4701,284.336,113.535,8.359
20240905,S3,0.753,15.8172,31.1786,22.8508,2.07E+03,0.9828,0.5107,284.438,113.616,8.358
20240905,S3,0.772,15.8539,31.1748,22.8398,1.93E+03,0.9773,0.5165,284.615,113.765,8.359
20240905,S3,0.768,15.8358,31.1833,22.8503,2.09E+03,1.0213,0.5136,284.978,113.876,8.359
20240905,S3,0.726,15.8522,31.1749,22.8403,2.19E+03,1.0369,0.5165,284.665,113.781,8.359
20240905,S3,0.722,15.8733,31.1741,22.835,2.03E+03,1.0359,0.5136,283.996,113.56,8.358
20240905,S3,0.78,15.8868,31.1738,22.8317,1.72E+03,1.0369,0.5165,283.436,113.366,8.358
20240905,S3,0.823,15.8871,31.178,22.8349,1.85E+03,1.0506,0.5165,283.075,113.225,8.358
20240905,S3,0.807,15.8603,31.1882,22.8487,1.78E+03,1.0662,0.5165,283.021,113.153,8.357
20240905,S3,0.724,15.8507,31.1825,22.8464,1.73E+03,1.0597,0.5339,282.978,113.11,8.356
20240905,S3,0.663,15.8527,31.179,22.8433,1.94E+03,1.0506,0.5629,282.837,113.055,8.355
20240905,S3,0.694,15.8554,31.1798,22.8433,1.99E+03,1.0359,0.5803,283.14,113.183,8.355
20240905,S3,0.783,15.8508,31.1818,22.8458,1.89E+03,0.992,0.6383,283.575,113.348,8.354
20240905,S3,0.829,15.8629,31.1773,22.8398,1.66E+03,0.9938,0.6441,283.774,113.451,8.354
20240905,S3,0.774,15.8603,31.1792,22.8418,1.85E+03,1.0066,0.6847,284.078,113.568,8.354
20240905,S3,0.656,15.8653,31.1771,22.839,2.01E+03,1.0066,0.6847,284.03,113.558,8.354
20240905,S3,0.632,15.8586,31.1815,22.8439,3.74E+03,1.0369,0.6412,283.667,113.402,8.354
20240905,S3,0.77,15.8597,31.1816,22.8437,2.17E+03,1.0369,0.6412,283.158,113.201,8.354
20240905,S3,0.864,15.8529,31.1806,22.8445,1.92E+03,1.0112,0.6006,283.224,113.212,8.354
20240905,S3,0.805,15.8602,31.1779,22.8408,1.60E+03,1.0066,0.5919,283.479,113.327,8.355
20240905,S3,0.659,15.8623,31.1801,22.842,1.99E+03,0.9847,0.5687,283.325,113.272,8.355
20240905,S3,0.628,15.8562,31.1823,22.8451,3.70E+03,0.9773,0.5629,283.321,113.259,8.355
20240905,S3,0.744,15.8652,31.1783,22.84,2.16E+03,0.9682,0.5339,283.474,113.337,8.356
20240905,S3,0.85,15.85,31.1854,22.8488,1.69E+03,0.9636,0.5194,283.483,113.312,8.356
20240905,S3,0.837,15.8524,31.1817,22.8454,1.60E+03,0.9481,0.5136,283.103,113.163,8.356
20240905,S3,0.748,15.8576,31.1804,22.8433,1.85E+03,0.9316,0.5165,282.593,112.969,8.357
20240905,S3,0.676,15.8595,31.1811,22.8434,1.77E+03,0.9426,0.5165,282.884,113.091,8.357
20240905,S3,0.674,15.8605,31.1807,22.8428,1.72E+03,0.9627,0.5165,283.205,113.221,8.357
20240905,S3,0.735,15.8632,31.181,22.8425,1.89E+03,0.9664,0.5339,283.202,113.226,8.356
20240905,S3,0.812,15.8582,31.1804,22.8432,1.80E+03,0.9783,0.5919,283.308,113.257,8.357
20240905,S3,0.82,15.8618,31.1796,22.8417,1.64E+03,0.9838,0.5861,283.418,113.308,8.357
20240905,S3,0.713,15.862,31.18,22.842,1.97E+03,1.0213,0.56,284.227,113.632,8.356
20240905,S3,0.637,15.8625,31.1807,22.8424,3.17E+03,1.0213,0.5629,284.85,113.883,8.356
20240905,S3,0.818,15.8641,31.1807,22.842,2.19E+03,1.0213,0.5629,284.883,113.9,8.356
20240905,S3,1.031,15.8611,31.1819,22.8437,1.54E+03,1.0222,0.5629,284.813,113.866,8.357
20240905,S3,1.139,15.8544,31.1837,22.8465,1.50E+03,1.0607,0.5919,284.309,113.651,8.357
20240905,S3,1.153,15.8575,31.1814,22.8441,1.63E+03,1.0652,0.5948,283.874,113.482,8.357
20240905,S3,1.164,15.8615,31.1804,22.8424,1.34E+03,1.0543,0.5716,283.35,113.281,8.357
20240905,S3,1.277,15.8625,31.1815,22.8431,1.42E+03,1.0515,0.5629,282.737,113.039,8.357
20240905,S3,1.531,15.8555,31.1855,22.8477,1.33E+03,1.0698,0.5658,282.758,113.035,8.357
20240905,S3,1.751,15.7539,31.2345,22.9077,1.33E+03,1.0808,0.5629,284.088,113.379,8.357
20240905,S3,1.814,15.7668,31.1991,22.8777,1.08E+03,1.0506,0.5397,284.656,113.607,8.357
20240905,S3,1.803,15.7892,31.2035,22.8761,9.99E+02,1.0222,0.5165,283.92,113.366,8.357
20240905,S3,1.871,15.737,31.2271,22.9058,1.03E+03,1.0387,0.5339,283.343,113.038,8.357
20240905,S3,2.037,15.7183,31.2222,22.9061,5.77E+02,1.0662,0.5629,282.928,112.828,8.357
20240905,S3,2.23,15.6908,31.2316,22.9194,3.88E+02,1.0771,0.5513,282.883,112.756,8.358
20240905,S3,2.39,15.6776,31.2339,22.924,3.21E+02,1.111,0.5194,283.088,112.81,8.358
20240905,S3,2.486,15.6532,31.2441,22.9373,2.81E+02,1.1293,0.5165,283.459,112.912,8.358
20240905,S3,2.562,15.6314,31.2506,22.947,2.50E+02,1.2511,0.5165,283.683,112.958,8.358
20240905,S3,2.686,15.595,31.2653,22.9663,2.25E+02,1.2511,0.5165,283.989,113.011,8.358
20240905,S3,2.821,15.5723,31.2712,22.9758,2.26E+02,1.3958,0.5165,283.729,112.862,8.358
20240905,S3,2.926,15.5813,31.2643,22.9685,2.41E+02,1.3958,0.5165,283.18,112.658,8.357
20240905,S3,2.994,15.5848,31.2647,22.9681,2.64E+02,1.4452,0.4759,282.673,112.464,8.357
20240905,S3,3.103,15.566,31.2767,22.9814,3.06E+02,1.4534,0.473,282.62,112.411,8.357
20240905,S3,3.316,15.4965,31.3086,23.0211,3.70E+02,1.6265,0.5397,283.694,112.709,8.357
20240905,S3,3.519,15.4042,31.3376,23.0634,4.04E+02,1.6851,0.5629,285.032,113.057,8.357
20240905,S3,3.627,15.3583,31.3558,23.0874,4.33E+02,1.9524,0.6093,285.465,113.141,8.356
20240905,S3,3.69,15.3429,31.357,23.0916,5.06E+02,2.1163,0.6412,285.135,112.977,8.356
20240905,S3,3.771,15.334,31.3647,23.0995,5.26E+02,2.1831,0.5571,284.15,112.573,8.355
20240905,S3,3.949,15.2251,31.399,23.1494,5.37E+02,2.249,0.473,283.037,111.917,8.355
20240905,S3,4.178,15.1638,31.4104,23.1714,5.19E+02,2.3992,0.5078,282.029,111.392,8.354
20240905,S3,4.355,15.0872,31.4101,23.1875,5.19E+02,2.6491,0.5658,281.609,111.058,8.352
20240905,S3,4.466,15.0492,31.4094,23.1951,5.15E+02,2.9275,0.5832,281.244,110.83,8.35
20240905,S3,4.586,14.9902,31.4279,23.2219,5.22E+02,3.7679,0.6441,281.234,110.71,8.346
20240905,S3,4.751,14.9317,31.4365,23.2411,4.52E+02,3.7643,0.6354,280.885,110.452,8.34
20240905,S3,4.905,14.9042,31.4378,23.2479,4.36E+02,3.7249,0.5948,279.47,109.836,8.33
20240905,S3,4.995,14.8975,31.437,23.2487,4.55E+02,3.7249,0.5977,276.936,108.825,8.321
20240905,S3,5.08,14.892,31.4352,23.2485,4.50E+02,3.7102,0.5658,273.587,107.496,8.314
20240905,S3,5.246,14.8792,31.4382,23.2535,4.13E+02,3.7102,0.5658,270.112,106.106,8.308
20240905,S3,5.529,14.7957,31.4658,23.2925,4.15E+02,3.5683,0.5629,267.748,105.023,8.305
20240905,S3,5.849,14.7201,31.4736,23.3144,3.65E+02,3.5482,0.5658,266.428,104.353,8.298
20240905,S3,6.071,14.662,31.4802,23.3317,3.31E+02,3.4383,0.6209,265.96,104.054,8.29
20240905,S3,6.17,14.6147,31.4824,23.3434,3.21E+02,3.4017,0.6412,265.488,103.773,8.282
20240905,S3,6.241,14.5915,31.4767,23.3439,2.95E+02,3.6754,0.5629,263.857,103.083,8.277
20240905,S3,6.381,14.5217,31.4947,23.3724,2.98E+02,3.843,0.5194,261.493,102.03,8.273
20240905,S3,6.634,14.2909,31.5612,23.4715,2.82E+02,3.8274,0.5426,259.447,100.811,8.27
20240905,S3,6.935,14.02,31.5697,23.5338,2.41E+02,3.8128,0.5658,258.003,99.711,8.264
20240905,S3,7.154,13.8944,31.5748,23.5633,2.31E+02,3.7304,0.6296,256.061,98.714,8.252
20240905,S3,7.295,13.6594,31.6066,23.6354,2.27E+02,3.5921,0.7368,254.696,97.742,8.241
20240905,S3,7.463,13.5302,31.5809,23.6413,2.07E+02,3.7194,0.6934,251.962,96.422,8.233
20240905,S3,7.672,13.431,31.592,23.6696,1.96E+02,4.1021,0.5687,248.171,94.787,8.226
20240905,S3,7.869,13.3596,31.5769,23.6721,1.89E+02,4.1296,0.5687,243.885,93.005,8.218
20240905,S3,8.064,13.339,31.5714,23.672,1.76E+02,4.3246,0.5977,240.321,91.604,8.211
20240905,S3,8.28,13.3231,31.5664,23.6713,1.67E+02,4.3237,0.5948,238.486,90.872,8.205
20240905,S3,8.545,13.2637,31.5881,23.6997,1.57E+02,4.1625,0.5658,237.88,90.545,8.201
20240905,S3,8.847,13.0371,31.6404,23.7846,1.42E+02,4.1607,0.5658,238.724,90.478,8.199
20240905,S3,9.108,12.9317,31.6177,23.7875,1.28E+02,3.6141,0.6354,239.403,90.525,8.195
20240905,S3,9.291,12.905,31.6127,23.7888,1.23E+02,3.5345,0.6441,239.392,90.467,8.185
20240905,S3,9.465,12.8824,31.6116,23.7923,1.15E+02,3.1527,0.5165,238.374,90.04,8.176
20240905,S3,9.676,12.869,31.6089,23.7928,1.07E+02,3.0236,0.473,236.432,89.28,8.17
20240905,S3,9.916,12.845,31.6109,23.799,1.01E+02,3.0227,0.473,233.875,88.273,8.166
20240905,S3,10.161,12.8339,31.6096,23.8001,9.70E+01,3.0236,0.4759,231.468,87.343,8.164
20240905,S3,10.425,12.7902,31.6189,23.8158,9.10E+01,3.0044,0.4962,229.932,86.691,8.162
20240905,S3,10.701,12.7545,31.6101,23.8158,8.24E+01,2.9842,0.5223,229.282,86.377,8.162
20240905,S3,10.943,12.7496,31.6049,23.8127,7.59E+01,2.9513,0.5194,228.807,86.186,8.16
20240905,S3,11.128,12.7436,31.6046,23.8136,7.17E+01,2.8972,0.5223,228.267,85.972,8.157
20240905,S3,11.271,12.7359,31.6012,23.8125,6.83E+01,2.8853,0.5107,227.526,85.677,8.154
20240905,S3,11.454,12.7315,31.6,23.8124,6.54E+01,2.8524,0.473,226.531,85.294,8.152
20240905,S3,11.739,12.6402,31.6323,23.8549,6.09E+01,2.8341,0.4788,226.053,84.973,8.15
20240905,S3,12.015,12.572,31.6338,23.8691,5.62E+01,2.7068,0.5194,225.825,84.768,8.149
20240905,S3,12.208,12.5415,31.6314,23.873,5.30E+01,2.7068,0.5194,225.609,84.633,8.147
20240905,S3,12.356,12.5129,31.6339,23.8804,5.12E+01,2.6336,0.5223,225.369,84.494,8.144
20240905,S3,12.542,12.4899,31.634,23.8849,4.93E+01,2.6326,0.5194,225.079,84.345,8.14
20240905,S3,12.8,12.384,31.6722,23.9345,4.65E+01,2.5548,0.4788,224.849,84.097,8.135
20240905,S3,13.131,12.287,31.6751,23.9549,4.29E+01,2.5448,0.473,224.169,83.675,8.131
20240905,S3,13.43,12.2798,31.6683,23.951,3.94E+01,2.8176,0.5658,222.683,83.104,8.125
20240905,S3,13.618,12.2727,31.6689,23.9528,3.73E+01,2.911,0.5948,220.813,82.394,8.12
20240905,S3,13.742,12.2665,31.6674,23.9528,3.65E+01,3.0346,0.5774,219.011,81.711,8.118
20240905,S3,13.949,12.2481,31.6748,23.962,3.54E+01,3.1096,0.5658,217.511,81.124,8.117
20240905,S3,14.272,12.1941,31.6815,23.9773,3.28E+01,3.0181,0.5455,216.653,80.717,8.117
20240905,S3,14.604,12.1718,31.6869,23.9856,3.00E+01,2.9256,0.5223,216.313,80.556,8.115
20240905,S3,14.872,12.1339,31.692,23.9966,2.80E+01,2.9421,0.5397,216.671,80.628,8.113
20240905,S3,15.109,12.1341,31.687,23.9927,2.65E+01,2.9687,0.5687,216.909,80.714,8.112
20240905,S3,15.319,12.1378,31.6847,23.9903,2.51E+01,3.0575,0.5658,216.817,80.685,8.111
20240905,S3,15.503,12.1393,31.6841,23.9895,2.37E+01,3.3275,0.5658,216.244,80.474,8.11
20240905,S3,15.682,12.1358,31.6846,23.9906,2.25E+01,3.3321,0.5716,215.128,80.053,8.11
20240905,S3,15.887,12.1327,31.6846,23.9912,2.14E+01,3.3715,0.5977,214.256,79.723,8.109
20240905,S3,16.137,12.1203,31.6893,23.9971,2.04E+01,3.3706,0.5948,214.038,79.624,8.109
20240905,S3,16.434,12.0794,31.6985,24.0119,1.90E+01,3.5912,0.5977,214.499,79.733,8.11
20240905,S3,16.738,12.0656,31.696,24.0125,1.75E+01,3.5921,0.5977,215.173,79.959,8.109
20240905,S3,16.997,12.0571,31.6959,24.014,1.62E+01,3.605,0.6383,215.498,80.066,8.108
20240905,S3,17.195,12.0482,31.6992,24.0182,1.54E+01,3.6068,0.6441,215.455,80.037,8.108
20240905,S3,17.395,12.0245,31.7014,24.0243,1.49E+01,3.4521,0.6093,215.317,79.947,8.107
20240905,S3,17.661,11.986,31.7167,24.0433,1.42E+01,3.4008,0.5977,215.1,79.811,8.105
20240905,S3,17.966,11.8859,31.7315,24.0731,1.32E+01,3.0858,0.5977,215.307,79.729,8.104
20240905,S3,18.263,11.8269,31.7472,24.0962,1.23E+01,2.8963,0.5977,215.375,79.664,8.102
20240905,S3,18.51,11.7475,31.7563,24.1177,1.15E+01,2.5237,0.5368,215.136,79.448,8.099
20240905,S3,18.676,11.7127,31.7554,24.1234,1.09E+01,2.1456,0.473,214.153,79.027,8.096
20240905,S3,18.831,11.6785,31.7597,24.1329,1.06E+01,1.9451,0.4556,212.861,78.496,8.094
20240905,S3,19.096,11.5977,31.7866,24.1684,1.01E+01,1.6118,0.4237,211.95,78.042,8.091
20240905,S3,19.389,11.4878,31.8012,24.1996,9.44E+00,1.5258,0.4382,211.392,77.665,8.088
20240905,S3,19.601,11.4516,31.7987,24.2042,8.95E+00,1.2639,0.473,210.728,77.36,8.086
20240905,S3,19.799,11.4379,31.7941,24.2031,8.57E+00,1.2273,0.4643,209.721,76.966,8.085
20240905,S3,20.008,11.4198,31.797,24.2085,8.21E+00,0.9773,0.4266,208.739,76.578,8.083
20240905,S3,20.205,11.3921,31.8004,24.2161,7.87E+00,0.9773,0.4237,208.009,76.267,8.082
20240905,S3,20.489,11.352,31.8097,24.2306,7.49E+00,0.8602,0.3773,207.557,76.042,8.082
20240905,S3,20.855,11.308,31.8112,24.2395,7.02E+00,0.8602,0.3773,207.465,75.938,8.081
20240905,S3,21.147,11.2902,31.8098,24.2416,6.60E+00,0.7695,0.3773,207.382,75.879,8.079
20240905,S3,21.294,11.281,31.8083,24.2421,6.35E+00,0.7576,0.3773,207.29,75.829,8.079
20240905,S3,21.365,11.268,31.8092,24.2451,6.25E+00,0.7356,0.3396,207.179,75.768,8.078
20240905,S3,21.479,11.2293,31.8194,24.2599,6.16E+00,0.7274,0.331,207.143,75.698,8.077
20240905,S3,21.726,11.1638,31.831,24.2805,5.98E+00,0.7375,0.3281,207.094,75.582,8.077
20240905,S3,22.122,11.1176,31.8325,24.2898,5.66E+00,0.7421,0.331,206.868,75.426,8.076
20240905,S3,22.562,11.1086,31.832,24.291,5.25E+00,0.6688,0.3541,206.435,75.253,8.074
20240905,S3,22.867,11.1002,31.8334,24.2936,4.91E+00,0.5947,0.3744,205.983,75.076,8.072
20240905,S3,22.994,11.0955,31.8311,24.2926,4.72E+00,0.5708,0.3744,205.455,74.875,8.072
20240905,S3,23.07,11.0879,31.833,24.2955,4.65E+00,0.5342,0.3773,205.109,74.738,8.071
20240905,S3,23.188,11.0528,31.8414,24.3082,4.58E+00,0.5379,0.3628,205.01,74.65,8.07
20240905,S3,23.407,10.9984,31.8567,24.3296,4.45E+00,0.548,0.3281,205.14,74.619,8.07
20240905,S3,23.733,10.9129,31.8582,24.3457,4.25E+00,0.5406,0.3367,205.302,74.543,8.069
20240905,S3,24.093,10.8941,31.8562,24.3474,4.01E+00,0.4894,0.3744,205.049,74.42,8.067
20240905,S3,24.369,10.8605,31.8674,24.3619,3.79E+00,0.4885,0.3744,204.773,74.273,8.066
20240905,S3,24.55,10.8197,31.8752,24.3751,3.65E+00,0.4161,0.3744,204.373,74.067,8.065
20240905,S3,24.711,10.797,31.8719,24.3764,3.55E+00,0.4161,0.3744,204,73.894,8.064
20240905,S3,24.895,10.7741,31.8765,24.3839,3.44E+00,0.4015,0.3339,203.694,73.75,8.064
20240905,S3,25.131,10.7409,31.8856,24.3967,3.32E+00,0.4006,0.331,203.539,73.646,8.064
20240905,S3,25.435,10.6344,31.9091,24.4333,3.18E+00,0.3667,0.3628,203.695,73.547,8.063
20240905,S3,25.735,10.5595,31.9004,24.4394,3.02E+00,0.3566,0.3744,203.671,73.416,8.063
20240905,S3,25.924,10.5552,31.8946,24.4356,2.89E+00,0.3182,0.4034,203.138,73.214,8.061
20240905,S3,26.069,10.5558,31.89,24.4319,2.82E+00,0.2971,0.4237,202.641,73.034,8.06
20240905,S3,26.286,10.5435,31.8915,24.4352,2.75E+00,0.3053,0.3976,202.391,72.925,8.058
20240905,S3,26.595,10.4985,31.9025,24.4514,2.63E+00,0.3118,0.3773,202.245,72.808,8.057
20240905,S3,26.903,10.4411,31.9055,24.4635,2.50E+00,0.2998,0.415,202.115,72.673,8.055
20240905,S3,27.096,10.4216,31.8988,24.4615,2.40E+00,0.2815,0.4701,201.892,72.559,8.053
20240905,S3,27.188,10.4083,31.8975,24.4627,2.36E+00,0.2779,0.4585,201.622,72.44,8.051
20240905,S3,27.328,10.4092,31.8932,24.4593,2.32E+00,0.2678,0.4237,201.19,72.284,8.05
20240905,S3,27.629,10.4176,31.8884,24.4541,2.22E+00,0.2669,0.4295,200.535,72.059,8.048
20240905,S3,28.037,10.415,31.8907,24.4564,2.08E+00,0.2678,0.4701,199.79,71.789,8.047
20240905,S3,28.339,10.4194,31.8879,24.4535,1.94E+00,0.2669,0.4701,199.135,71.559,8.045
20240905,S3,28.46,10.4246,31.8885,24.4531,1.87E+00,0.2376,0.5165,198.714,71.416,8.045
20240905,S3,28.578,10.415,31.8892,24.4552,1.84E+00,0.2376,0.5165,198.489,71.321,8.045
20240905,S3,28.777,10.408,31.8897,24.4568,1.78E+00,0.2651,0.4295,198.441,71.293,8.044
20240905,S3,29.014,10.4056,31.8873,24.4553,1.71E+00,0.2678,0.4208,198.446,71.29,8.043
20240905,S3,29.275,10.4076,31.888,24.4555,1.63E+00,0.2458,0.4585,198.385,71.271,8.043
20240905,S3,29.53,10.3935,31.892,24.461,1.56E+00,0.2385,0.4701,198.448,71.274,8.042
20240905,S3,29.743,10.3764,31.8934,24.465,1.49E+00,0.2495,0.4672,198.478,71.26,8.042
20240905,S3,29.978,10.3653,31.8952,24.4683,1.43E+00,0.2541,0.4701,198.399,71.215,8.042
20240905,S3,30.273,10.3598,31.8937,24.4681,1.37E+00,0.2541,0.5194,198.454,71.226,8.041
20240905,S3,30.55,10.3543,31.8957,24.4705,1.30E+00,0.2522,0.5629,198.646,71.287,8.04
20240905,S3,30.723,10.3504,31.8962,24.4716,1.25E+00,0.2467,0.5223,198.745,71.317,8.04
20240905,S3,30.826,10.2984,31.917,24.4965,1.23E+00,0.2394,0.473,198.869,71.292,8.041
20240905,S3,31.006,10.2691,31.9152,24.5001,1.20E+00,0.2394,0.4556,198.739,71.2,8.041
20240905,S3,31.288,10.2597,31.9146,24.5012,1.15E+00,0.2394,0.4237,198.39,71.06,8.04
20240905,S3,31.607,10.2552,31.9137,24.5012,1.08E+00,0.2367,0.4469,197.955,70.897,8.04
20240905,S3,31.898,10.2603,31.9107,24.498,1.02E+00,0.2248,0.56,197.549,70.758,8.04
20240905,S3,32.102,10.2593,31.912,24.4992,9.72E-01,0.2229,0.56,197.374,70.694,8.04
20240905,S3,32.23,10.2498,31.9141,24.5024,9.42E-01,0.2248,0.56,197.348,70.671,8.04
20240905,S3,32.42,10.2277,31.9235,24.5134,9.13E-01,0.2239,0.56,197.53,70.707,8.039
20240905,S3,32.736,10.205,31.9195,24.5141,8.75E-01,0.2239,0.4759,197.699,70.731,8.039
20240905,S3,33.062,10.2325,31.9182,24.5085,8.22E-01,0.2239,0.4701,197.498,70.701,8.039
20240905,S3,33.285,10.1276,31.9564,24.5558,7.78E-01,0.2239,0.5687,197.838,70.681,8.039
20240905,S3,33.458,10.0951,31.9539,24.5592,7.52E-01,0.2239,0.5919,197.916,70.658,8.039
20240905,S3,33.675,10.0761,31.9627,24.5692,7.28E-01,0.2165,0.5919,197.595,70.519,8.04
20240905,S3,33.941,10.0622,31.9639,24.5725,6.93E-01,0.2138,0.5919,197.132,70.334,8.04
20240905,S3,34.244,10.0549,31.9639,24.5737,6.57E-01,0.2184,0.5716,196.956,70.259,8.042
20240905,S3,34.583,10.0444,31.9654,24.5766,6.17E-01,0.2239,0.56,197.252,70.35,8.043
20240905,S3,34.87,10.0372,31.9648,24.5773,5.75E-01,0.2193,0.5919,197.842,70.549,8.044
20240905,S3,34.971,10.036,31.9632,24.5763,5.53E-01,0.2138,0.6383,198.453,70.764,8.044
20240905,S3,34.974,10.0387,31.9612,24.5742,5.47E-01,0.2129,0.5832,198.747,70.872,8.044
20240905,S3,35.079,10.0375,31.962,24.5751,5.42E-01,0.2138,0.4701,198.873,70.916,8.044
20240905,S3,35.362,10.0318,31.9614,24.5756,5.23E-01,0.2129,0.4701,199.093,70.985,8.044
20240905,S3,35.712,10.0281,31.9601,24.5752,4.89E-01,0.2138,0.4701,199.123,70.989,8.044
20240905,S3,36.012,10.0235,31.9622,24.5776,4.58E-01,0.2138,0.4759,199.145,70.991,8.043
20240905,S3,36.25,10.0105,31.9592,24.5774,4.27E-01,0.2147,0.5919,199.092,70.951,8.043
20240905,S3,36.45,10.0053,31.9587,24.5779,4.05E-01,0.2156,0.5919,198.908,70.877,8.043
20240905,S3,36.617,10.0013,31.9588,24.5786,3.94E-01,0.2147,0.6789,198.513,70.73,8.043
20240905,S3,36.798,9.9916,31.9621,24.5828,3.84E-01,0.2138,0.6847,198.031,70.545,8.042
20240905,S3,37.033,9.9731,31.9675,24.59,3.64E-01,0.2019,0.6064,197.639,70.38,8.041
20240905,S3,37.316,9.957,31.9713,24.5957,3.47E-01,0.1991,0.5919,197.415,70.278,8.041
20240905,S3,37.585,9.9452,31.9728,24.5988,3.26E-01,0.1991,0.7252,197.374,70.246,8.041
20240905,S3,37.792,9.9442,31.9718,24.5982,3.11E-01,0.1991,0.7803,197.341,70.232,8.042
20240905,S3,38.015,9.9394,31.9732,24.6,2.92E-01,0.2065,0.7252,197.117,70.146,8.042
20240905,S3,38.295,9.9236,31.9785,24.6068,2.79E-01,0.2129,0.6847,196.957,70.067,8.043
20240905,S3,38.566,9.9045,31.9826,24.6131,2.58E-01,0.2055,0.7281,196.939,70.034,8.043
20240905,S3,38.775,9.8913,31.9853,24.6173,2.50E-01,0.1982,0.7803,196.895,70,8.044
20240905,S3,38.966,9.8786,31.9874,24.6211,2.36E-01,0.1991,0.7629,197.076,70.045,8.044
20240905,S3,39.165,9.8729,31.9876,24.6222,2.25E-01,0.1982,0.7339,197.383,70.146,8.044
20240905,S3,39.396,9.8704,31.9875,24.6225,2.17E-01,0.1982,0.7339,197.704,70.257,8.044
20240905,S3,39.668,9.865,31.9886,24.6242,2.02E-01,0.1982,0.7339,197.929,70.329,8.044
20240905,S3,39.958,9.8598,31.9895,24.6258,1.84E-01,0.1982,0.731,198.016,70.352,8.044
20240905,S3,40.21,9.8568,31.99,24.6267,1.68E-01,0.1982,0.731,198.015,70.347,8.044
20240905,S3,40.402,9.8479,31.9938,24.6311,1.60E-01,0.1991,0.731,197.94,70.309,8.044
20240905,S3,40.591,9.8269,31.999,24.6386,1.52E-01,0.1991,0.7339,197.892,70.262,8.045
20240905,S3,40.832,9.8077,32.005,24.6464,1.46E-01,0.2001,0.7339,197.814,70.209,8.045
20240905,S3,41.085,9.7724,32.0163,24.6609,1.42E-01,0.1991,0.7339,197.905,70.193,8.045
20240905,S3,41.308,9.7538,32.0157,24.6635,1.31E-01,0.1991,0.7339,198.131,70.244,8.046
20240905,S3,41.513,9.7502,32.0152,24.6637,1.18E-01,0.2001,0.7658,198.214,70.268,8.045
20240905,S3,41.751,9.744,32.0171,24.6662,1.11E-01,0.2001,0.7803,198.192,70.251,8.045
20240905,S3,42.049,9.7264,32.0237,24.6742,1.01E-01,0.2001,0.8093,198.062,70.182,8.045
20240905,S3,42.366,9.7019,32.0277,24.6813,9.44E-02,0.2001,0.8267,197.974,70.115,8.045
20240905,S3,42.627,9.6897,32.0295,24.6847,8.61E-02,0.1991,0.8731,197.9,70.071,8.045
20240905,S3,42.793,9.6805,32.0317,24.6879,8.11E-02,0.201,0.9224,197.805,70.025,8.045
20240905,S3,42.934,9.6633,32.0357,24.6938,7.09E-02,0.2001,0.8557,197.705,69.965,8.045
20240905,S3,43.164,9.5872,32.0654,24.7292,6.65E-02,0.2001,0.7339,197.886,69.928,8.045
20240905,S3,43.436,9.5239,32.0781,24.7493,6.00E-02,0.1991,0.7745,197.969,69.867,8.045
20240905,S3,43.658,9.4917,32.0795,24.7555,5.44E-02,0.1991,0.9224,197.763,69.746,8.045
20240905,S3,43.84,9.4858,32.0787,24.7559,5.29E-02,0.1982,0.9717,197.326,69.582,8.044
20240905,S3,44.018,9.482,32.0775,24.7555,4.64E-02,0.1982,1.3921,196.939,69.439,8.044
20240905,S3,44.238,9.4781,32.078,24.7566,4.19E-02,0.1982,1.3892,196.801,69.385,8.044
20240905,S3,44.509,9.4752,32.0775,24.7566,3.90E-02,0.1982,1.4385,196.857,69.4,8.044
20240905,S3,44.767,9.4736,32.0774,24.7568,3.05E-02,0.1991,1.4385,196.939,69.426,8.043
20240905,S3,44.992,9.4733,32.0768,24.7563,2.56E-02,0.212,1.5196,196.968,69.436,8.043
20240905,S3,45.178,9.4735,32.0764,24.756,1.78E-02,0.2147,1.5341,197.02,69.454,8.044
20240905,S3,45.3,9.4731,32.076,24.7558,1.92E-02,0.2138,1.566,196.974,69.437,8.043
20240905,S3,45.369,9.4723,32.0757,24.7557,1.28E-02,0.2138,1.5776,196.722,69.347,8.043
20240905,S3,45.448,9.4729,32.0748,24.7549,1.20E-02,0.2046,1.3776,196.439,69.248,8.043
20240905,S3,45.573,9.4726,32.0747,24.7549,9.35E-03,0.1991,1.25,196.297,69.197,8.043
20240905,S3,45.747,9.4707,32.0758,24.756,4.23E-03,0.1991,1.3428,196.48,69.259,8.043
20240905,S3,45.947,9.4605,32.0781,24.7595,2.73E-03,0.2001,1.4385,196.823,69.366,8.043
20240905,S3,46.119,9.4539,32.0801,24.762,3.36E-04,0.2046,1.4356,197.025,69.428,8.043
20240905,S3,46.223,9.4517,32.0796,24.762,7.50E-04,0.2138,1.4385,197.094,69.449,8.043
20240905,S3,46.297,9.4521,32.0785,24.7611,1.06E-04,0.2101,1.4037,196.979,69.409,8.043
20240905,S3,46.396,9.4537,32.0779,24.7604,6.02E-05,0.1991,1.2993,196.87,69.372,8.043
20240905,S3,46.454,9.4539,32.0781,24.7605,6.02E-05,0.201,1.3138,196.902,69.384,8.043
20240905,S3,46.502,9.4498,32.079,24.7619,6.02E-05,0.2138,1.4385,197.074,69.439,8.043
20240905,S3,46.541,9.4494,32.0789,24.7619,6.02E-05,0.2138,1.4385,197.257,69.503,8.043
20240905,S3,46.542,9.4491,32.0783,24.7614,6.02E-05,0.1991,1.2529,197.257,69.502,8.042
20240905,S3,46.519,9.4487,32.0783,24.7615,6.02E-05,0.1991,1.2529,196.951,69.393,8.043
20240905,S3,46.443,9.4482,32.0781,24.7614,6.02E-05,0.2202,1.3747,196.489,69.23,8.042
20240905,S3,46.317,9.4529,32.0764,24.7593,6.02E-05,0.2239,1.3921,196.364,69.192,8.042
20240905,S3,46.292,9.449,32.0783,24.7614,6.02E-05,0.2239,1.3544,196.576,69.262,8.042
20240905,S3,46.462,9.4492,32.0769,24.7603,6.02E-05,0.2239,1.3457,196.938,69.389,8.042
20240905,S3,46.593,9.4502,32.0774,24.7606,6.02E-05,0.233,1.3428,197.317,69.524,8.042
20240905,S3,46.559,9.4504,32.0769,24.7601,6.02E-05,0.2385,1.3457,197.554,69.608,8.041
20240905,S3,46.495,9.4512,32.0769,24.76,6.02E-05,0.2257,1.3196,197.524,69.599,8.042
20240905,S3,46.531,9.451,32.076,24.7593,6.02E-05,0.2138,1.2964,197.34,69.533,8.041
20240905,S3,46.641,9.4512,32.0725,24.7566,6.02E-05,0.2165,1.3138,197.207,69.484,8.041
20240905,S3,46.725,9.449,32.0767,24.7602,6.02E-05,0.2239,1.3428,197.162,69.467,8.041
20240905,S4,0.62,17.1039,31.379,22.713,1.99E+03,0.4317,0.3744,289.646,118.774,8.365
20240905,S4,0.677,17.1005,31.3805,22.715,1.92E+03,0.4308,0.3744,289.333,118.639,8.366
20240905,S4,0.775,17.098,31.3797,22.715,1.83E+03,0.4308,0.3744,289.382,118.653,8.365
20240905,S4,0.778,17.1016,31.3788,22.7135,1.63E+03,0.4216,0.3744,289.36,118.652,8.365
20240905,S4,0.707,17.106,31.3783,22.712,2.06E+03,0.417,0.3744,289.174,118.585,8.365
20240905,S4,0.676,17.1053,31.379,22.7128,1.98E+03,0.4161,0.3744,289.193,118.592,8.365
20240905,S4,0.696,17.1067,31.3788,22.7122,1.79E+03,0.417,0.3744,289.287,118.633,8.366
20240905,S4,0.748,17.1104,31.3785,22.7112,1.91E+03,0.4106,0.3541,289.549,118.749,8.366
20240905,S4,0.747,17.1091,31.3802,22.7128,1.83E+03,0.4024,0.3281,289.41,118.69,8.365
20240905,S4,0.709,17.1079,31.3781,22.7114,2.10E+03,0.4061,0.3425,289.275,118.63,8.365
20240905,S4,0.711,17.1081,31.3788,22.7119,2.12E+03,0.417,0.3744,289.136,118.574,8.365
20240905,S4,0.76,17.1017,31.3814,22.7154,2.36E+03,0.4161,0.3831,288.839,118.44,8.365
20240905,S4,0.77,17.0972,31.38,22.7154,2.01E+03,0.418,0.4208,289.129,118.548,8.365
20240905,S4,0.722,17.0713,31.3871,22.7269,2.13E+03,0.418,0.4179,289.839,118.786,8.365
20240905,S4,0.7,17.0528,31.383,22.728,2.09E+03,0.4189,0.3744,290.231,118.901,8.365
20240905,S4,0.734,17.0587,31.3793,22.7238,2.03E+03,0.418,0.3744,289.741,118.711,8.365
20240905,S4,0.765,17.0631,31.3797,22.7231,1.56E+03,0.4317,0.4179,288.899,118.376,8.365
20240905,S4,0.74,17.0685,31.3792,22.7215,2.10E+03,0.4326,0.4237,289.021,118.438,8.365
20240905,S4,0.687,17.0645,31.3793,22.7224,2.01E+03,0.4436,0.3483,289.805,118.75,8.365
20240905,S4,0.708,17.0776,31.3769,22.7176,1.99E+03,0.4463,0.3281,290.481,119.055,8.365
20240905,S4,0.763,17.072,31.3811,22.7221,2.03E+03,0.4363,0.3599,290.301,118.972,8.365
20240905,S4,0.758,17.0691,31.3794,22.7215,1.81E+03,0.4317,0.3744,289.666,118.704,8.365
20240905,S4,0.709,17.0716,31.3778,22.7196,1.70E+03,0.439,0.3773,288.754,118.334,8.365
20240905,S4,0.714,17.0764,31.3803,22.7205,2.07E+03,0.4463,0.3744,288.162,118.105,8.365
20240905,S4,0.77,17.0766,31.3796,22.7199,2.00E+03,0.4399,0.3744,287.851,117.977,8.365
20240905,S4,0.841,17.072,31.3809,22.722,1.92E+03,0.4317,0.3744,288.194,118.108,8.365
20240905,S4,0.865,17.0741,31.3782,22.7194,1.93E+03,0.4271,0.3744,288.611,118.282,8.365
20240905,S4,0.955,17.0726,31.3809,22.7218,1.54E+03,0.417,0.3773,289.092,118.477,8.366
20240905,S4,1.176,17.0718,31.3804,22.7216,1.45E+03,0.4225,0.3773,289.715,118.731,8.366
20240905,S4,1.368,17.0462,31.3813,22.7283,1.74E+03,0.4463,0.3744,289.984,118.784,8.366
20240905,S4,1.436,17.0819,31.3757,22.7157,1.50E+03,0.4482,0.3744,289.593,118.7,8.365
20240905,S4,1.517,17.0856,31.3781,22.7166,1.28E+03,0.4473,0.3744,288.728,118.355,8.365
20240905,S4,1.655,17.0569,31.3892,22.7318,1.72E+03,0.4473,0.3744,288.082,118.035,8.366
20240905,S4,1.798,17.0246,31.388,22.7384,1.49E+03,0.4619,0.3744,288.341,118.067,8.365
20240905,S4,1.941,17.0246,31.3833,22.7348,1.44E+03,0.4628,0.3744,288.805,118.253,8.365
20240905,S4,2.143,16.8561,31.438,22.8157,1.35E+03,0.4985,0.415,289.993,118.401,8.366
20240905,S4,2.353,16.7172,31.4039,22.8215,9.12E+02,0.5068,0.4237,291.054,118.489,8.367
20240905,S4,2.457,16.7272,31.3876,22.8067,1.14E+03,0.5589,0.4237,290.253,118.173,8.366
20240905,S4,2.485,16.6815,31.4138,22.8373,1.14E+03,0.58,0.4237,289.395,117.741,8.366
20240905,S4,2.624,16.6344,31.3975,22.8355,9.23E+02,0.5882,0.3947,289.41,117.627,8.366
20240905,S4,2.883,16.46,31.44,22.9079,1.07E+03,0.5956,0.3773,290.698,117.788,8.367
20240905,S4,3.159,16.3563,31.4173,22.9139,9.05E+02,0.6349,0.4179,292.072,118.089,8.368
20240905,S4,3.396,16.3196,31.416,22.9212,9.79E+02,0.6825,0.4701,292.202,118.056,8.369
20240905,S4,3.557,16.3014,31.4086,22.9196,8.51E+02,0.7457,0.4701,291.517,117.732,8.37
20240905,S4,3.632,16.2991,31.4054,22.9177,8.31E+02,0.8748,0.4701,291.076,117.546,8.371
20240905,S4,3.697,16.2937,31.4049,22.9185,8.12E+02,0.8867,0.4585,291.621,117.753,8.371
20240905,S4,3.839,16.2816,31.4046,22.921,7.95E+02,0.9352,0.4237,292.842,118.218,8.371
20240905,S4,4.099,16.2663,31.4054,22.925,8.27E+02,0.9444,0.4266,293.649,118.51,8.371
20240905,S4,4.391,16.2511,31.4088,22.9311,7.14E+02,1.0826,0.5165,294.309,118.744,8.371
20240905,S4,4.585,16.2227,31.4147,22.942,6.89E+02,1.0817,0.5136,294.76,118.865,8.37
20240905,S4,4.682,16.2126,31.4098,22.9406,6.81E+02,1.2584,0.5136,294.673,118.803,8.37
20240905,S4,4.796,16.2147,31.4083,22.9389,6.07E+02,1.2648,0.5165,294.448,118.716,8.37
20240905,S4,4.969,16.2079,31.4102,22.9419,6.42E+02,1.3243,0.4759,294.413,118.687,8.371
20240905,S4,5.178,16.182,31.4138,22.9505,6.45E+02,1.3372,0.4701,294.827,118.798,8.371
20240905,S4,5.394,16.149,31.4187,22.9617,5.75E+02,1.3793,0.4353,295.439,118.972,8.372
20240905,S4,5.617,16.1144,31.4228,22.9726,5.61E+02,1.3958,0.4237,295.77,119.028,8.376
20240905,S4,5.81,16.0941,31.4214,22.9761,5.32E+02,1.4873,0.502,295.813,118.997,8.379
20240905,S4,5.96,16.0751,31.4252,22.9832,5.12E+02,1.5551,0.56,295.867,118.978,8.382
20240905,S4,6.143,16.041,31.4251,22.9907,5.14E+02,1.6356,0.4962,296.439,119.129,8.382
20240905,S4,6.382,16.0173,31.4295,22.9994,4.61E+02,1.7299,0.4237,297.5,119.504,8.382
20240905,S4,6.627,15.994,31.4319,23.0064,4.01E+02,1.762,0.4788,298.498,119.852,8.381
20240905,S4,6.81,15.967,31.4352,23.015,4.03E+02,1.8306,0.5919,299.147,120.052,8.38
20240905,S4,6.938,15.8926,31.463,23.0528,4.03E+02,1.8645,0.5745,299.056,119.865,8.38
20240905,S4,7.063,15.8036,31.464,23.0733,3.66E+02,1.9909,0.5165,299.1,119.675,8.38
20240905,S4,7.224,15.7476,31.4711,23.0911,3.80E+02,1.9945,0.5107,299.326,119.64,8.381
20240905,S4,7.514,15.4974,31.5602,23.2145,3.42E+02,2.0357,0.4701,300.227,119.486,8.382
20240905,S4,7.868,14.9751,31.6742,23.4149,3.00E+02,2.0357,0.4701,303.186,119.519,8.385
20240905,S4,8.121,14.6743,31.6926,23.4929,3.00E+02,3.0236,0.6325,305.144,119.589,8.386
20240905,S4,8.247,14.5017,31.7164,23.5475,2.72E+02,3.0675,0.6383,305.541,119.352,8.386
20240905,S4,8.336,14.418,31.7174,23.5657,2.65E+02,5.0414,0.7194,306.097,119.371,8.384
20240905,S4,8.439,14.3445,31.7294,23.5902,2.61E+02,5.4635,0.7368,307.18,119.627,8.379
20240905,S4,8.657,14.2305,31.747,23.6274,2.52E+02,5.3491,0.6383,309.749,120.366,8.372
20240905,S4,8.979,14.0829,31.7678,23.6739,2.30E+02,5.3015,0.5977,312.52,121.1,8.364
20240905,S4,9.31,13.9869,31.7642,23.6907,2.09E+02,4.9435,0.6209,313.966,121.422,8.349
20240905,S4,9.585,13.9026,31.795,23.7317,1.92E+02,4.6789,0.6412,313.792,121.175,8.336
20240905,S4,9.803,13.6832,31.8338,23.8061,1.73E+02,4.1964,0.6412,312.706,120.253,8.326
20240905,S4,9.948,13.6087,31.8184,23.8092,1.63E+02,3.6242,0.6412,309.284,118.744,8.319
20240905,S4,10.007,13.5631,31.8156,23.8162,1.58E+02,3.6718,0.618,304.925,116.96,8.308
20240905,S4,10.099,13.4778,31.8229,23.8389,1.54E+02,3.7707,0.5629,300.861,115.207,8.297
20240905,S4,10.345,13.2387,31.841,23.9003,1.47E+02,3.7926,0.5542,297.684,113.45,8.288
20240905,S4,10.675,12.9186,31.8178,23.9449,1.36E+02,3.8732,0.5194,294.617,111.529,8.273
20240905,S4,10.963,12.9173,31.7579,23.8988,1.22E+02,3.8274,0.5252,288.855,109.299,8.244
20240905,S4,11.189,12.937,31.7687,23.9034,1.14E+02,3.2397,0.5948,282.196,106.83,8.218
20240905,S4,11.39,13.0466,31.7644,23.8787,1.06E+02,3.2424,0.5948,275.072,104.365,8.201
20240905,S4,11.56,13.1059,31.8101,23.9025,1.02E+02,2.9687,0.5194,268.219,101.921,8.192
20240905,S4,11.691,13.1687,31.8174,23.8958,9.91E+01,2.9567,0.5165,262.406,99.846,8.191
20240905,S4,11.851,13.2557,31.8442,23.8994,9.32E+01,3.0712,0.5165,258.306,98.479,8.196
20240905,S4,12.081,13.2614,31.8777,23.9242,8.70E+01,3.0968,0.5165,257.797,98.32,8.207
20240905,S4,12.327,13.1702,31.9133,23.9698,8.31E+01,3.0556,0.4498,260.973,99.37,8.221
20240905,S4,12.556,13.1179,31.9143,23.9808,7.92E+01,3.0391,0.4266,266.003,101.178,8.233
20240905,S4,12.796,13.0911,31.9162,23.9875,7.40E+01,2.9403,0.4527,271.412,103.18,8.236
20240905,S4,13.033,13.0526,31.9233,24.0005,6.93E+01,2.8679,0.4701,275.781,104.764,8.236
20240905,S4,13.252,12.9934,31.9325,24.0192,6.60E+01,2.889,0.5136,278.204,105.562,8.234
20240905,S4,13.468,12.8989,31.937,24.041,6.33E+01,2.9119,0.5629,278.878,105.616,8.233
20240905,S4,13.677,12.8475,31.9348,24.0493,6.07E+01,2.9311,0.5339,277.701,105.058,8.23
20240905,S4,13.866,12.8199,31.9326,24.0529,5.85E+01,2.9705,0.4701,275.587,104.197,8.224
20240905,S4,14.048,12.8126,31.9304,24.0527,5.59E+01,2.9961,0.473,273.174,103.268,8.218
20240905,S4,14.277,12.8119,31.929,24.0517,5.34E+01,3.0959,0.4701,270.384,102.21,8.211
20240905,S4,14.529,12.8106,31.928,24.0512,5.13E+01,3.0904,0.4759,267.518,101.124,8.206
20240905,S4,14.776,12.789,31.9395,24.0643,4.87E+01,3.0236,0.5194,265.02,100.143,8.202
20240905,S4,15.007,12.6997,31.9639,24.1004,4.59E+01,3.0236,0.5165,263.747,99.496,8.201
20240905,S4,15.22,12.6349,31.9534,24.1047,4.34E+01,3.3871,0.589,263.162,99.135,8.199
20240905,S4,15.387,12.6053,31.9487,24.1067,4.15E+01,3.4026,0.5948,262.726,98.907,8.196
20240905,S4,15.535,12.5884,31.9465,24.1083,4.01E+01,3.4759,0.4933,262.003,98.599,8.191
20240905,S4,15.708,12.5752,31.9451,24.1097,3.88E+01,3.4914,0.4701,260.518,98.012,8.184
20240905,S4,15.958,12.555,31.9485,24.1162,3.69E+01,3.5848,0.4411,258.3,97.139,8.178
20240905,S4,16.246,12.532,31.9478,24.12,3.45E+01,3.6233,0.4266,256.129,96.277,8.173
20240905,S4,16.501,12.5216,31.9482,24.1223,3.22E+01,3.7331,0.5223,254.093,95.491,8.168
20240905,S4,16.702,12.5133,31.9521,24.1269,3.03E+01,3.8137,0.5948,252.417,94.847,8.164
20240905,S4,16.881,12.4786,31.968,24.1458,2.88E+01,3.7871,0.5948,251.252,94.352,8.161
20240905,S4,17.064,12.4183,31.9938,24.1773,2.76E+01,3.756,0.5919,250.364,93.919,8.159
20240905,S4,17.273,12.3703,32.0127,24.201,2.63E+01,3.8402,0.5948,249.411,93.48,8.156
20240905,S4,17.504,12.3347,32.016,24.2103,2.48E+01,4.0142,0.5948,248.461,93.058,8.153
20240905,S4,17.72,12.2973,32.0294,24.2277,2.35E+01,3.9565,0.6035,247.572,92.661,8.149
20240905,S4,17.918,12.2472,32.0352,24.2417,2.22E+01,3.7414,0.6441,246.802,92.281,8.146
20240905,S4,18.144,12.2276,32.0362,24.2461,2.10E+01,3.7176,0.6354,245.808,91.872,8.143
20240905,S4,18.417,12.1825,32.0493,24.2647,1.95E+01,3.431,0.5658,244.76,91.403,8.141
20240905,S4,18.674,12.0523,32.0735,24.3078,1.81E+01,3.4319,0.5629,244.22,90.97,8.139
20240905,S4,18.849,11.9643,32.0504,24.3062,1.71E+01,3.7981,0.5919,243.601,90.558,8.137
20240905,S4,19.028,11.9381,32.0441,24.3061,1.64E+01,3.8128,0.5948,242.805,90.209,8.135
20240905,S4,19.255,11.8613,32.0381,24.3156,1.55E+01,4.114,0.6354,242.264,89.859,8.131
20240905,S4,19.456,11.8427,32.0287,24.3117,1.46E+01,4.1753,0.6441,241.063,89.373,8.126
20240905,S4,19.621,11.8228,32.0223,24.3105,1.39E+01,3.8567,0.6093,239.351,88.697,8.123
20240905,S4,19.797,11.8196,32.02,24.3093,1.34E+01,3.7258,0.5948,237.646,88.058,8.12
20240905,S4,20.003,11.8285,32.0207,24.3082,1.29E+01,3.3623,0.5774,236.347,87.593,8.118
20240905,S4,20.309,11.8221,32.0355,24.3209,1.22E+01,3.0977,0.5658,235.495,87.275,8.116
20240905,S4,20.69,11.8289,32.0375,24.3212,1.12E+01,2.9851,0.5658,234.949,87.086,8.116
20240905,S4,20.965,11.8556,32.0501,24.3261,1.03E+01,2.8551,0.5629,234.594,87.011,8.116
20240905,S4,21.103,11.8635,32.056,24.3292,9.89E+00,2.6171,0.5339,234.292,86.917,8.117
20240905,S4,21.227,11.8649,32.0563,24.3292,9.61E+00,2.1328,0.473,234.132,86.861,8.118
20240905,S4,21.377,11.87,32.0632,24.3336,9.28E+00,2.109,0.4614,234.354,86.956,8.118
20240905,S4,21.569,11.8661,32.0743,24.3429,8.86E+00,2.0211,0.4266,235.022,87.204,8.119
20240905,S4,21.803,11.8229,32.0836,24.3581,8.36E+00,2.0018,0.4237,236.129,87.541,8.121
20240905,S4,22.018,11.7947,32.0816,24.3617,7.93E+00,1.7583,0.4237,237.085,87.842,8.123
20240905,S4,22.215,11.752,32.0846,24.3719,7.58E+00,1.7583,0.4208,237.777,88.022,8.125
20240905,S4,22.391,11.6421,32.0954,24.4003,7.30E+00,1.7025,0.4237,238.463,88.079,8.125
20240905,S4,22.554,11.5478,32.077,24.4032,7.07E+00,1.7006,0.4208,238.828,88.027,8.125
20240905,S4,22.742,11.494,32.0742,24.4106,6.86E+00,1.5432,0.4208,238.585,87.837,8.123
20240905,S4,22.989,11.4165,32.067,24.419,6.58E+00,1.5102,0.4237,238.398,87.62,8.119
20240905,S4,23.286,11.3969,32.0624,24.4189,6.27E+00,1.3958,0.4237,237.743,87.34,8.116
20240905,S4,23.586,11.3436,32.076,24.4391,5.95E+00,1.3509,0.4237,236.819,86.911,8.113
20240905,S4,23.847,11.3018,32.0717,24.4432,5.67E+00,1.2584,0.4208,235.584,86.379,8.111
20240905,S4,24.045,11.315,32.0724,24.4414,5.44E+00,1.1925,0.4237,233.944,85.802,8.11
20240905,S4,24.178,11.3166,32.0771,24.4447,5.28E+00,1.0808,0.4237,232.552,85.297,8.109
20240905,S4,24.301,11.291,32.0795,24.4512,5.13E+00,0.9481,0.4237,231.625,84.913,8.108
20240905,S4,24.505,11.2737,32.079,24.4539,4.93E+00,0.9682,0.4063,231.154,84.708,8.108
20240905,S4,24.75,11.2602,32.0793,24.4565,4.72E+00,1.0076,0.3744,231.135,84.677,8.107
20240905,S4,24.977,11.2628,32.0817,24.458,4.53E+00,0.9792,0.3831,231.27,84.733,8.107
20240905,S4,25.199,11.2551,32.0832,24.4605,4.36E+00,0.8748,0.4208,231.392,84.765,8.107
20240905,S4,25.427,11.1839,32.1018,24.4876,4.20E+00,0.8657,0.4179,231.915,84.839,8.107
20240905,S4,25.651,11.0689,32.0915,24.4999,4.03E+00,0.7567,0.3773,232.825,84.958,8.108
20240905,S4,25.88,11.0316,32.084,24.5006,3.86E+00,0.7567,0.3744,233.177,85.015,8.107
20240905,S4,26.097,10.9934,32.0871,24.5097,3.71E+00,0.6853,0.3744,232.956,84.867,8.104
20240905,S4,26.283,10.9832,32.081,24.5068,3.60E+00,0.6825,0.3744,231.856,84.445,8.101
20240905,S4,26.451,10.9667,32.0809,24.5096,3.49E+00,0.6075,0.3744,230.611,83.962,8.098
20240905,S4,26.669,10.9311,32.0834,24.5178,3.39E+00,0.5937,0.3744,229.602,83.533,8.096
20240905,S4,26.956,10.8915,32.0836,24.5248,3.24E+00,0.5736,0.3078,228.921,83.214,8.094
20240905,S4,27.246,10.848,32.0726,24.5238,3.08E+00,0.5644,0.2817,228.484,82.972,8.092
20240905,S4,27.459,10.8482,32.0669,24.5194,2.95E+00,0.5296,0.3367,228.137,82.843,8.09
20240905,S4,27.552,10.8506,32.0665,24.5187,2.88E+00,0.5058,0.3744,227.925,82.77,8.089
20240905,S4,27.581,10.8492,32.0648,24.5176,2.87E+00,0.526,0.3512,227.675,82.676,8.088
20240905,S4,27.746,10.8575,32.0892,24.5351,2.85E+00,0.5498,0.3281,227.26,82.554,8.087
20240905,S4,28.118,10.5964,32.1538,24.6304,2.73E+00,0.5388,0.3281,228.073,82.426,8.087
20240905,S4,28.497,10.4592,32.1002,24.6121,2.56E+00,0.5196,0.331,228.375,82.261,8.084
20240905,S4,28.698,10.4276,32.0801,24.6018,2.44E+00,0.4939,0.3367,227.653,81.934,8.08
20240905,S4,28.791,10.4237,32.0725,24.5965,2.40E+00,0.4015,0.3744,226.698,81.579,8.077
20240905,S4,28.935,10.4171,32.0699,24.5957,2.36E+00,0.3996,0.3715,225.835,81.255,8.075
20240905,S4,29.141,10.3448,32.0791,24.615,2.28E+00,0.3868,0.331,225.331,80.953,8.075
20240905,S4,29.35,10.2573,32.0703,24.6229,2.20E+00,0.3868,0.331,224.908,80.644,8.077
20240905,S4,29.59,10.1659,32.0641,24.6333,2.11E+00,0.3722,0.331,224.348,80.281,8.083
20240905,S4,29.87,10.1147,32.0463,24.6279,2.01E+00,0.3722,0.331,223.595,79.913,8.086
20240905,S4,30.068,10.1058,32.044,24.6277,1.92E+00,0.3594,0.3686,222.739,79.59,8.085
20240905,S4,30.151,10.1045,32.0449,24.6286,1.87E+00,0.3566,0.3773,221.615,79.187,8.085
20240905,S4,30.261,10.0998,32.044,24.6287,1.85E+00,0.3246,0.3773,220.283,78.703,8.085
20240905,S4,30.488,10.0954,32.0403,24.6265,1.80E+00,0.3127,0.3773,218.978,78.227,8.085
20240905,S4,30.744,10.1137,32.0566,24.6362,1.73E+00,0.3209,0.3744,217.953,77.9,8.086
20240905,S4,30.981,10.0966,32.0652,24.6457,1.67E+00,0.3273,0.3744,217.885,77.852,8.086
20240905,S4,31.241,10.064,32.0761,24.6596,1.62E+00,0.32,0.3541,218.283,77.945,8.087
20240905,S4,31.506,10.046,32.0799,24.6656,1.56E+00,0.3127,0.331,218.646,78.047,8.087
20240905,S4,31.684,10.0436,32.0816,24.6673,1.51E+00,0.3392,0.3454,219.007,78.172,8.087
20240905,S4,31.819,10.044,32.0796,24.6657,1.49E+00,0.3868,0.3744,219.269,78.265,8.087
20240905,S4,32.02,10.043,32.0786,24.665,1.45E+00,0.3548,0.3773,219.374,78.3,8.087
20240905,S4,32.28,10.0415,32.0781,24.6649,1.39E+00,0.2532,0.3773,219.281,78.265,8.088
20240905,S4,32.567,10.0402,32.0788,24.6657,1.33E+00,0.2568,0.3802,218.941,78.141,8.089
20240905,S4,32.866,10.0355,32.0807,24.668,1.27E+00,0.2834,0.4208,218.559,77.999,8.089
20240905,S4,33.081,10.0332,32.0798,24.6677,1.20E+00,0.2825,0.4208,218.231,77.877,8.089
20240905,S4,33.165,10.0344,32.0786,24.6665,1.16E+00,0.2825,0.3281,218.005,77.798,8.088
20240905,S4,33.23,10.0327,32.0787,24.6668,1.15E+00,0.2825,0.3281,217.844,77.737,8.087
20240905,S4,33.399,10.0255,32.0783,24.6678,1.11E+00,0.2568,0.2875,217.834,77.721,8.087
20240905,S4,33.605,10.0228,32.0781,24.6681,1.07E+00,0.2532,0.2817,217.938,77.754,8.085
20240905,S4,33.785,10.0184,32.0786,24.6692,1.03E+00,0.2751,0.3512,218.099,77.804,8.085
20240905,S4,33.997,10.0006,32.0821,24.6748,1.00E+00,0.2825,0.3773,218.346,77.864,8.084
20240905,S4,34.236,9.9609,32.0873,24.6854,9.68E-01,0.2733,0.3454,218.593,77.888,8.084
20240905,S4,34.457,9.9449,32.0875,24.6883,9.34E-01,0.2678,0.3281,218.591,77.861,8.083
20240905,S4,34.707,9.9384,32.1082,24.7054,9.06E-01,0.2751,0.3512,218.389,77.789,8.083
20240905,S4,34.988,9.9395,32.1204,24.7148,8.74E-01,0.2825,0.3744,218.094,77.693,8.083
20240905,S4,35.212,9.9466,32.1289,24.7203,8.45E-01,0.2605,0.357,217.71,77.573,8.084
20240905,S4,35.326,9.9476,32.1341,24.7241,8.27E-01,0.2229,0.3281,217.468,77.491,8.086
20240905,S4,35.453,9.9482,32.1333,24.7234,8.13E-01,0.2303,0.3165,217.61,77.542,8.088
20240905,S4,35.755,9.9585,32.1335,24.7219,7.84E-01,0.2532,0.2817,218.115,77.74,8.091
20240905,S4,36.102,9.9734,32.1425,24.7265,7.40E-01,0.2532,0.2875,218.774,78.005,8.093
20240905,S4,36.327,9.9759,32.1473,24.7298,7.06E-01,0.2532,0.3281,219.565,78.294,8.096
20240905,S4,36.445,9.9746,32.1477,24.7304,6.81E-01,0.255,0.3281,220.231,78.529,8.098
20240905,S4,36.567,9.9723,32.1485,24.7314,6.68E-01,0.2248,0.3744,220.764,78.716,8.1
20240905,S4,36.679,9.9697,32.1495,24.7325,6.51E-01,0.2248,0.3744,221.214,78.872,8.102
20240905,S4,36.792,9.968,32.1492,24.7326,6.41E-01,0.2367,0.2933,221.325,78.909,8.104
20240905,S4,37.003,9.9646,32.1507,24.7343,6.25E-01,0.2385,0.2817,221.059,78.809,8.105
20240905,S4,37.338,9.9628,32.1494,24.7336,6.00E-01,0.2202,0.3165,220.6,78.642,8.106
20240905,S4,37.69,9.9636,32.1518,24.7354,5.73E-01,0.2138,0.331,220.323,78.546,8.107
20240905,S4,37.953,9.9564,32.1551,24.7392,5.39E-01,0.2202,0.357,220.43,78.573,8.107
20240905,S4,38.13,9.9523,32.155,24.7398,5.26E-01,0.2248,0.3744,220.699,78.662,8.108
20240905,S4,38.293,9.9473,32.1562,24.7415,5.16E-01,0.2184,0.3512,220.888,78.722,8.108
20240905,S4,38.438,9.9445,32.1557,24.7415,5.07E-01,0.2138,0.3281,220.927,78.73,8.109
20240905,S4,38.589,9.9432,32.1556,24.7417,4.94E-01,0.2138,0.3107,220.562,78.598,8.109
20240905,S4,38.808,9.9411,32.1559,24.7423,4.76E-01,0.2138,0.2788,219.992,78.391,8.11
20240905,S4,39.084,9.9374,32.1568,24.7437,4.53E-01,0.2138,0.2933,219.677,78.274,8.111
20240905,S4,39.357,9.9293,32.1594,24.7469,4.23E-01,0.2147,0.3281,219.633,78.245,8.111
20240905,S4,39.558,9.9233,32.1593,24.7479,4.04E-01,0.2129,0.3339,219.691,78.256,8.112
20240905,S4,39.689,9.9194,32.1601,24.7492,3.89E-01,0.1991,0.3744,219.64,78.232,8.114
20240905,S4,39.803,9.9167,32.1592,24.7489,3.83E-01,0.1991,0.3744,219.323,78.113,8.115
20240905,S4,39.977,9.9128,32.1603,24.7505,3.73E-01,0.2678,0.3281,219.066,78.016,8.115
20240905,S4,40.186,9.9007,32.1642,24.7555,3.59E-01,0.2678,0.3281,219.18,78.038,8.117
20240905,S4,40.395,9.8901,32.1646,24.7575,3.50E-01,0.2193,0.3686,219.335,78.076,8.117
20240905,S4,40.623,9.8809,32.1659,24.76,3.37E-01,0.2138,0.3744,219.382,78.078,8.119
20240905,S4,40.875,9.8743,32.1657,24.761,3.25E-01,0.2138,0.3715,219.186,77.997,8.119
20240905,S4,41.113,9.8695,32.167,24.7627,3.13E-01,0.2147,0.3744,219.088,77.954,8.12
20240905,S4,41.344,9.8601,32.1685,24.7655,3.04E-01,0.2138,0.3744,219.184,77.973,8.121
20240905,S4,41.601,9.8553,32.1679,24.7658,2.94E-01,0.2138,0.3744,219.24,77.985,8.122
20240905,S4,41.9,9.8527,32.1673,24.7658,2.79E-01,0.2138,0.4005,219.286,77.997,8.123
20240905,S4,42.171,9.8489,32.1682,24.7671,2.64E-01,0.2138,0.4208,219.16,77.946,8.124
20240905,S4,42.361,9.8467,32.1675,24.7669,2.48E-01,0.2129,0.4034,219.098,77.919,8.126
20240905,S4,42.516,9.845,32.1674,24.7671,2.46E-01,0.2138,0.3744,219.017,77.888,8.127
20240905,S4,42.736,9.8344,32.1697,24.7706,2.36E-01,0.2129,0.3628,218.893,77.827,8.128
20240905,S4,42.999,9.7908,32.1848,24.7895,2.26E-01,0.2138,0.331,218.933,77.776,8.13
20240905,S4,43.153,9.7395,32.1835,24.7969,2.22E-01,0.211,0.3367,219.048,77.729,8.13
20240905,S4,43.203,9.7217,32.1884,24.8036,2.16E-01,0.1991,0.3744,218.922,77.657,8.131
20240905,S4,43.318,9.6868,32.1955,24.8147,2.13E-01,0.1991,0.3715,218.706,77.526,8.132
20240905,S4,43.542,9.6179,32.2126,24.8393,2.01E-01,0.2138,0.3281,218.333,77.287,8.132
20240905,S4,43.763,9.5926,32.207,24.8389,1.90E-01,0.2138,0.3281,217.573,76.972,8.132
20240905,S4,43.992,9.5861,32.2062,24.8394,1.79E-01,0.201,0.3686,216.787,76.683,8.132
20240905,S4,44.277,9.5631,32.2113,24.8471,1.70E-01,0.2001,0.3744,216.32,76.482,8.133
20240905,S4,44.562,9.512,32.2193,24.8616,1.65E-01,0.212,0.4469,216.364,76.416,8.134
20240905,S4,44.781,9.4792,32.2154,24.8638,1.54E-01,0.2156,0.4672,216.748,76.495,8.136
20240905,S4,44.997,9.4273,32.2252,24.8797,1.51E-01,0.1955,0.4063,217.219,76.58,8.137
20240905,S4,45.167,9.3899,32.2183,24.8802,1.40E-01,0.1863,0.3744,217.707,76.685,8.139
20240905,S4,45.232,9.3674,32.2111,24.8781,1.38E-01,0.1772,0.3483,218.002,76.747,8.141
20240905,S4,45.281,9.3544,32.208,24.8778,1.39E-01,0.1698,0.3252,218.089,76.754,8.141
20240905,S4,45.482,9.3466,32.2049,24.8766,1.33E-01,0.1753,0.3281,218.005,76.71,8.141
20240905,S4,45.845,9.3121,32.2174,24.8919,1.27E-01,0.1836,0.3281,217.838,76.6,8.141
20240905,S4,46.205,9.1194,32.2397,24.9396,1.15E-01,0.1836,0.3541,218.32,76.457,8.141
20240905,S4,46.419,9.075,32.2012,24.9163,1.07E-01,0.1854,0.4237,217.959,76.235,8.14
20240905,S4,46.481,9.0754,32.1948,24.9113,1.06E-01,0.1909,0.4208,216.981,75.89,8.139
20240905,S4,46.565,9.0692,32.1944,24.9119,1.03E-01,0.2156,0.4208,216.015,75.542,8.138
20240905,S4,46.78,9.037,32.2001,24.9214,1.01E-01,0.2129,0.4208,215.238,75.22,8.137
20240905,S4,47.06,9.004,32.1942,24.9219,1.00E-01,0.1534,0.3744,214.457,74.889,8.135
20240905,S4,47.337,8.9895,32.1867,24.9182,9.23E-02,0.1543,0.3744,213.731,74.607,8.132
20240905,S4,47.634,9.0049,32.1879,24.9168,8.28E-02,0.168,0.5049,212.875,74.334,8.129
20240905,S4,47.914,9.0329,32.188,24.9126,7.85E-02,0.1698,0.5136,212.102,74.11,8.128
20240905,S4,48.095,9.0495,32.2026,24.9214,7.06E-02,0.1689,0.5136,211.538,73.948,8.127
20240905,S4,48.178,9.0491,32.2031,24.9219,6.86E-02,0.1689,0.5136,211.115,73.8,8.127
20240905,S4,48.216,9.0507,32.203,24.9215,6.51E-02,0.1589,0.4498,210.889,73.724,8.127
20240905,S4,48.31,9.0566,32.2033,24.9209,6.26E-02,0.1543,0.4237,210.8,73.702,8.128
20240905,S4,48.52,9.0785,32.2003,24.9151,5.93E-02,0.1616,0.4208,210.73,73.712,8.129
20240905,S4,48.811,9.112,32.2199,24.9253,5.64E-02,0.1689,0.4208,210.568,73.72,8.131
20240905,S4,49.065,9.1196,32.2242,24.9274,4.98E-02,0.1625,0.4411,210.707,73.783,8.135
20240905,S4,49.204,9.1276,32.2298,24.9306,4.65E-02,0.1534,0.4672,211.115,73.942,8.138
20240905,S4,49.331,9.1312,32.2312,24.9311,4.21E-02,0.1991,0.4382,211.805,74.19,8.14
20240905,S4,49.531,9.1346,32.2333,24.9322,4.06E-02,0.2971,0.3744,212.447,74.422,8.142
20240905,S4,49.705,9.1337,32.2346,24.9334,3.30E-02,0.2696,0.3831,213.018,74.621,8.144
20240905,S4,49.834,9.1335,32.2347,24.9335,3.95E-02,0.1543,0.4208,213.488,74.785,8.145
20240905,S4,50.019,9.1272,32.2371,24.9363,3.29E-02,0.1534,0.4179,213.808,74.889,8.146
20240905,S4,50.298,9.0859,32.2456,24.9494,3.16E-02,0.1387,0.3773,214.109,74.93,8.147
20240905,S4,50.63,9.0101,32.2486,24.9635,2.79E-02,0.1378,0.3744,214.513,74.948,8.147
20240905,S4,50.961,9.0003,32.2409,24.959,2.29E-02,0.1534,0.4643,214.571,74.948,8.146
20240905,S4,51.23,8.9972,32.2442,24.9621,2.37E-02,0.1543,0.4701,214.523,74.928,8.144
20240905,S4,51.4,8.99,32.2426,24.962,2.29E-02,0.1534,0.5049,214.32,74.844,8.143
20240905,S4,51.544,8.9896,32.2414,24.9611,1.86E-02,0.1543,0.5136,213.874,74.687,8.142
20240905,S4,51.736,8.9907,32.2405,24.9602,1.72E-02,0.1433,0.4498,213.156,74.438,8.141
20240905,S4,51.924,8.9999,32.2424,24.9603,8.32E-03,0.1387,0.4208,212.292,74.152,8.14
20240905,S4,52.029,9.0021,32.246,24.9628,2.84E-03,0.147,0.4498,211.587,73.911,8.14
20240905,S4,52.102,8.9991,32.2469,24.9639,4.33E-03,0.1534,0.4672,211.207,73.774,8.14
20240905,S4,52.25,8.9927,32.2462,24.9644,4.94E-03,0.147,0.4266,211.162,73.748,8.139
20240905,S4,52.491,8.9734,32.2497,24.9701,7.96E-04,0.1387,0.3773,211.395,73.799,8.14
20240905,S4,52.712,8.9624,32.2448,24.968,4.43E-04,0.1442,0.4063,211.631,73.861,8.14
20240905,S4,52.85,8.9597,32.245,24.9685,6.02E-05,0.1543,0.4672,211.659,73.867,8.139
20240905,S4,53.011,8.944,32.2477,24.9731,6.02E-05,0.1506,0.4585,211.652,73.84,8.138
20240905,S4,53.257,8.8893,32.2534,24.986,6.02E-05,0.1387,0.4208,211.636,73.748,8.138
20240905,S4,53.541,8.8376,32.249,24.9905,1.98E-04,0.1387,0.4266,211.553,73.633,8.137
20240905,S4,53.82,8.7947,32.2454,24.9941,6.02E-05,0.1387,0.4672,211.478,73.535,8.136
20240905,S4,54.038,8.7459,32.2463,25.0023,4.49E-05,0.1387,0.4672,211.335,73.406,8.134
20240905,S4,54.203,8.7213,32.2359,24.9979,6.02E-05,0.1387,0.5107,210.874,73.201,8.133
20240905,S4,54.417,8.6812,32.2372,25.005,4.49E-05,0.1378,0.5136,210.274,72.928,8.132
20240905,S4,54.65,8.7177,32.2307,24.9944,4.49E-05,0.1515,0.5136,209.37,72.67,8.131
20240905,S4,54.802,8.7462,32.2574,25.0109,4.49E-05,0.1543,0.5136,208.761,72.518,8.129
20240905,S4,54.86,8.7547,32.2571,25.0095,6.02E-05,0.1433,0.5107,208.591,72.473,8.127
20240905,S4,54.931,8.7663,32.2667,25.0152,4.49E-05,0.1387,0.5136,208.444,72.445,8.126
20240905,S4,55.122,8.7597,32.271,25.0196,6.02E-05,0.1296,0.4585,208.236,72.365,8.125
20240905,S4,55.418,8.7401,32.2789,25.0287,6.02E-05,0.1241,0.4208,207.991,72.253,8.125
20240905,S4,55.728,8.721,32.2755,25.029,4.49E-05,0.1314,0.4846,207.855,72.173,8.126
20240905,S4,55.982,8.7184,32.277,25.0305,6.02E-05,0.1387,0.5571,207.749,72.133,8.126
20240905,S4,56.162,8.7179,32.2785,25.0318,6.02E-05,0.1387,0.5571,207.744,72.131,8.126
20240905,S4,56.29,8.719,32.2788,25.0318,6.02E-05,0.1396,0.56,207.783,72.146,8.126
20240905,S4,56.426,8.719,32.2789,25.032,6.02E-05,0.1387,0.5571,207.826,72.162,8.126
20240905,S4,56.619,8.7156,32.2805,25.0338,6.02E-05,0.1387,0.5571,207.697,72.112,8.126
20240905,S4,56.868,8.7111,32.2818,25.0354,6.02E-05,0.1396,0.5571,207.611,72.076,8.126
20240905,S4,57.182,8.7049,32.2815,25.0361,6.02E-05,0.1534,0.5571,207.715,72.102,8.125
20240905,S4,57.478,8.7028,32.2818,25.0366,4.49E-05,0.1534,0.5571,207.808,72.131,8.125
20240905,S4,57.628,8.7065,32.2795,25.0343,4.49E-05,0.1396,0.589,207.783,72.127,8.125
20240905,S4,57.657,8.71,32.2806,25.0347,6.02E-05,0.1387,0.5919,207.632,72.081,8.124
20240905,S4,57.748,8.712,32.2811,25.0347,6.02E-05,0.1387,0.4846,207.456,72.023,8.124
20240905,S4,57.965,8.7132,32.2807,25.0343,6.02E-05,0.1387,0.4672,207.367,71.994,8.123
20240905,S4,58.237,8.7082,32.2826,25.0365,6.02E-05,0.1277,0.4991,207.329,71.974,8.123
20240905,S4,58.508,8.7043,32.2828,25.0373,4.49E-05,0.1231,0.5136,207.263,71.945,8.123
20240905,S4,58.725,8.7038,32.2826,25.0372,6.02E-05,0.1241,0.56,207.157,71.907,8.123
20240905,S4,58.869,8.7023,32.283,25.0377,6.02E-05,0.1241,0.589,207.134,71.897,8.123
20240905,S4,59.007,8.695,32.2842,25.0398,6.02E-05,0.1323,0.5716,207.296,71.942,8.123
20240905,S4,59.182,8.6901,32.2845,25.0407,6.02E-05,0.1405,0.56,207.355,71.955,8.122
20240905,S4,59.366,8.6802,32.284,25.0419,6.02E-05,0.1396,0.5571,207.383,71.948,8.122
20240905,S4,59.543,8.6681,32.2851,25.0445,6.02E-05,0.1396,0.56,207.428,71.945,8.121
20240905,S4,59.749,8.6596,32.2847,25.0456,6.02E-05,0.1369,0.56,207.255,71.871,8.121
20240905,S4,59.974,8.6518,32.2843,25.0464,6.02E-05,0.1241,0.5571,206.861,71.722,8.12
20240905,S4,60.181,8.6471,32.2847,25.0474,6.02E-05,0.1241,0.5629,206.258,71.506,8.12
20240905,S4,60.406,8.6384,32.2865,25.0501,6.02E-05,0.1231,0.589,205.743,71.315,8.119
20240905,S4,60.64,8.6332,32.2867,25.0511,4.49E-05,0.1241,0.589,205.438,71.201,8.118
20240905,S4,60.821,8.6331,32.2858,25.0504,6.02E-05,0.1241,0.5919,205.329,71.162,8.118
20240905,S4,61.038,8.6366,32.2857,25.0498,6.02E-05,0.1231,0.589,205.451,71.21,8.118
20240905,S4,61.331,8.6452,32.287,25.0495,6.02E-05,0.1369,0.6296,205.552,71.259,8.117
20240905,S4,61.58,8.649,32.2893,25.0508,4.49E-05,0.1387,0.6354,205.466,71.237,8.117
20240905,S4,61.717,8.6601,32.2898,25.0495,6.02E-05,0.1387,0.6354,205.261,71.183,8.117
20240905,S4,61.842,8.6761,32.2926,25.0492,6.02E-05,0.1387,0.6354,205.113,71.159,8.117
20240905,S4,62.016,8.6875,32.2925,25.0475,4.49E-05,0.1387,0.6064,205.083,71.166,8.117
20240905,S4,62.196,8.7247,32.3034,25.0503,6.02E-05,0.1387,0.589,205.097,71.235,8.117
20240905,S4,62.399,8.7485,32.3135,25.0547,4.49E-05,0.1378,0.6122,205.235,71.326,8.118
20240905,S4,62.633,8.7481,32.3216,25.0611,6.02E-05,0.1387,0.6383,205.425,71.396,8.12
20240905,S4,62.821,8.73,32.3336,25.0732,4.49E-05,0.1332,0.618,205.745,71.484,8.123
20240905,S4,62.947,8.7201,32.3397,25.0795,6.02E-05,0.1241,0.5919,206.145,71.611,8.125
20240905,S4,63.112,8.7062,32.3447,25.0855,6.02E-05,0.1277,0.5687,206.576,71.741,8.126
20240905,S4,63.349,8.6959,32.3459,25.088,4.49E-05,0.1387,0.5136,206.951,71.856,8.126
20240905,S4,63.576,8.6924,32.3473,25.0896,4.49E-05,0.1369,0.5194,207.168,71.926,8.127
20240905,S4,63.763,8.6926,32.3463,25.0889,4.49E-05,0.1241,0.589,207.209,71.94,8.127
20240905,S4,63.941,8.6897,32.3482,25.0908,4.49E-05,0.125,0.589,207.251,71.951,8.126
20240905,S4,64.14,8.6803,32.3507,25.0942,4.49E-05,0.125,0.5919,207.137,71.898,8.126
20240905,S4,64.419,8.6632,32.3542,25.0995,6.02E-05,0.125,0.589,206.758,71.741,8.126
20240905,S4,64.764,8.6098,32.3702,25.1201,6.02E-05,0.1259,0.589,206.553,71.593,8.126
20240905,S4,65.03,8.5518,32.3565,25.1181,6.02E-05,0.1259,0.589,206.672,71.535,8.126
20240905,S4,65.164,8.5451,32.3507,25.1145,4.49E-05,0.125,0.6963,206.488,71.457,8.125
20240905,S4,65.235,8.5569,32.3492,25.1116,4.49E-05,0.125,0.731,205.951,71.29,8.125
20240905,S4,65.302,8.5711,32.3563,25.1151,6.02E-05,0.1241,0.6412,205.292,71.088,8.123
20240905,S4,65.433,8.5758,32.3585,25.1161,6.02E-05,0.1241,0.589,204.617,70.862,8.122
20240905,S4,65.704,8.5677,32.3625,25.1204,6.02E-05,0.1314,0.6122,204.052,70.656,8.12
20240905,S4,66.064,8.5378,32.3635,25.1257,4.49E-05,0.1378,0.6354,203.684,70.482,8.12
20240905,S4,66.372,8.533,32.365,25.1275,6.02E-05,0.1332,0.7049,203.383,70.372,8.119
20240905,S4,66.534,8.5109,32.3662,25.1319,4.49E-05,0.1241,0.8267,203.196,70.273,8.119
20240905,S4,66.605,8.5062,32.3637,25.1306,4.49E-05,0.1241,0.7774,203.083,70.225,8.119
20240905,S4,66.688,8.499,32.3645,25.1322,6.02E-05,0.1241,0.6354,202.953,70.169,8.118
20240905,S4,66.817,8.4976,32.3685,25.1356,6.02E-05,0.1231,0.6267,202.72,70.088,8.119
20240905,S4,67.024,8.4963,32.3676,25.1351,4.49E-05,0.125,0.589,202.52,70.017,8.118
20240905,S4,67.325,8.498,32.3705,25.1372,4.49E-05,0.1241,0.589,202.337,69.958,8.118
20240905,S4,67.616,8.492,32.3782,25.1441,4.49E-05,0.125,0.8238,202.346,69.956,8.118
20240905,S4,67.804,8.469,32.3802,25.1491,6.02E-05,0.125,0.8238,202.537,69.987,8.118
20240905,S4,67.982,8.4594,32.3762,25.1474,4.49E-05,0.125,0.7368,202.568,69.98,8.119
20240905,S4,68.227,8.4354,32.3863,25.1589,6.02E-05,0.125,0.7281,202.542,69.939,8.119
20240905,S4,68.423,8.404,32.3829,25.1609,6.02E-05,0.125,0.8702,202.55,69.891,8.119
20240905,S4,68.526,8.3987,32.3798,25.1592,6.02E-05,0.1259,0.9195,202.265,69.783,8.119
20240905,S4,68.692,8.3965,32.3785,25.1585,6.02E-05,0.1259,0.7977,201.814,69.623,8.118
20240905,S4,69.039,8.3516,32.3959,25.1789,4.49E-05,0.125,0.7281,201.483,69.448,8.117
20240905,S4,69.45,8.2823,32.3792,25.176,4.49E-05,0.1241,0.7745,201.45,69.321,8.116
20240905,S4,69.72,8.2727,32.3716,25.1714,4.49E-05,0.1241,0.8238,201.354,69.269,8.114
20240905,S4,69.825,8.2733,32.3694,25.1696,4.49E-05,0.1177,0.7861,201.182,69.21,8.114
20240905,S4,69.883,8.2735,32.3687,25.169,4.49E-05,0.1094,0.7281,200.851,69.096,8.113
20240905,S4,69.952,8.2736,32.3684,25.1688,4.49E-05,0.1076,0.7049,200.405,68.943,8.113
20240905,S4,70.089,8.2721,32.3677,25.1685,4.49E-05,0.1085,0.6354,199.883,68.761,8.113
20240905,S4,70.346,8.274,32.3657,25.1666,4.49E-05,0.1085,0.6412,199.586,68.66,8.112
20240905,S4,70.653,8.2813,32.37,25.1689,4.49E-05,0.1076,0.6818,199.505,68.646,8.112
20240905,S4,70.879,8.2814,32.3703,25.1691,6.02E-05,0.1085,0.6818,199.51,68.648,8.112
20240905,S4,71.007,8.2827,32.3704,25.169,6.02E-05,0.1231,0.7281,199.584,68.675,8.113
20240905,S4,71.132,8.2872,32.3713,25.1691,6.02E-05,0.1231,0.7281,199.81,68.76,8.113
20240905,S4,71.286,8.2928,32.3724,25.1692,4.49E-05,0.1094,0.6412,200.142,68.884,8.113
20240905,S4,71.462,8.3005,32.3756,25.1705,4.49E-05,0.1085,0.6383,200.505,69.022,8.113
20240905,S4,71.69,8.3015,32.3778,25.1721,6.02E-05,0.1085,0.7078,200.736,69.104,8.113
20240905,S4,71.958,8.3038,32.3824,25.1754,4.49E-05,0.1094,0.7281,200.712,69.102,8.114
20240905,S4,72.221,8.3078,32.3929,25.183,4.49E-05,0.1085,0.76,200.558,69.061,8.114
20240905,S4,72.437,8.3154,32.3937,25.1825,4.49E-05,0.1076,0.7774,200.451,69.036,8.115
20240905,S4,72.615,8.3217,32.4027,25.1886,4.49E-05,0.1076,0.7252,200.421,69.039,8.115
20240905,S4,72.757,8.3157,32.4008,25.1881,4.49E-05,0.1076,0.6818,200.697,69.124,8.116
20240905,S4,72.938,8.3167,32.402,25.1888,4.49E-05,0.1076,0.7021,200.812,69.166,8.116
20240905,S4,73.206,8.3167,32.4013,25.1883,4.49E-05,0.1085,0.7281,200.756,69.146,8.117
20240905,S4,73.567,8.3157,32.4028,25.1897,4.49E-05,0.1085,0.7426,200.529,69.068,8.118
20240905,S4,73.899,8.3089,32.403,25.1907,4.49E-05,0.1085,0.7774,200.292,68.975,8.118
20240905,S4,74.098,8.3058,32.4017,25.1903,4.49E-05,0.1058,0.7687,200.161,68.925,8.118
20240905,S4,74.156,8.3052,32.4007,25.1896,4.49E-05,0.0939,0.731,200.234,68.949,8.118
20240905,S4,74.189,8.3037,32.4009,25.1899,4.49E-05,0.0939,0.7252,200.249,68.952,8.118
20240905,S4,74.348,8.3001,32.402,25.1913,6.02E-05,0.1085,0.589,199.968,68.85,8.119
20240905,S4,74.671,8.2838,32.4063,25.1971,4.49E-05,0.1076,0.589,199.437,68.644,8.119
20240905,S4,75.073,8.2756,32.4063,25.1983,4.49E-05,0.1085,0.6789,199.109,68.519,8.118
20240905,S4,75.419,8.2737,32.4062,25.1985,4.49E-05,0.1076,0.6847,199.089,68.509,8.118
20240905,S4,75.6,8.2699,32.4091,25.2013,6.02E-05,0.1076,0.7571,199.395,68.61,8.119
20240905,S4,75.692,8.2678,32.4111,25.2032,4.49E-05,0.1076,0.7774,199.8,68.747,8.119
20240905,S4,75.794,8.2668,32.414,25.2057,4.49E-05,0.1085,0.6818,199.964,68.803,8.119
20240905,S4,75.98,8.2704,32.4197,25.2096,4.49E-05,0.1085,0.6354,199.736,68.733,8.119
20240905,S4,76.24,8.276,32.4251,25.213,4.49E-05,0.1085,0.6644,199.404,68.63,8.119
20240905,S4,76.511,8.2806,32.4276,25.2142,4.49E-05,0.1094,0.6818,199.262,68.59,8.119
20240905,S4,76.761,8.2865,32.428,25.2138,4.49E-05,0.103,0.7223,199.271,68.602,8.119
20240905,S4,76.94,8.2893,32.4314,25.216,4.49E-05,0.0948,0.7774,199.516,68.692,8.119
20240905,S4,77.023,8.292,32.4312,25.2155,4.49E-05,0.0948,0.7455,199.71,68.763,8.12
20240905,S4,77.11,8.2938,32.4346,25.2178,4.49E-05,0.0948,0.6818,199.874,68.824,8.12
20240905,S4,77.276,8.2927,32.436,25.2191,6.02E-05,0.0948,0.6731,200.012,68.87,8.12
20240905,S4,77.444,8.2828,32.4413,25.2247,4.49E-05,0.0939,0.6354,200.015,68.859,8.121
20240905,S4,77.63,8.2778,32.4485,25.2311,4.49E-05,0.0929,0.6412,199.88,68.809,8.121
20240905,S4,77.892,8.2811,32.4642,25.2429,4.49E-05,0.0939,0.731,199.733,68.771,8.121
20240905,S4,78.173,8.2728,32.4752,25.2528,4.49E-05,0.0939,0.731,199.712,68.756,8.12
20240905,S4,78.393,8.2689,32.4766,25.2545,4.49E-05,0.1076,0.905,199.644,68.728,8.12
20240905,S4,78.589,8.2668,32.478,25.2559,6.02E-05,0.1085,0.9166,199.386,68.636,8.12
20240905,S4,78.798,8.2615,32.4809,25.2589,4.49E-05,0.0957,0.9601,198.985,68.492,8.119
20240905,S4,78.967,8.2579,32.4817,25.2601,6.02E-05,0.0939,0.9659,198.556,68.339,8.119
20240905,S4,79.069,8.2494,32.4847,25.2637,4.49E-05,0.1039,0.9311,198.165,68.193,8.119
20240905,S4,79.22,8.2407,32.4844,25.2647,4.49E-05,0.1085,0.9166,197.785,68.049,8.119
20240905,S4,79.457,8.2241,32.4874,25.2696,4.49E-05,0.1085,0.9166,197.41,67.896,8.118
20240905,S4,79.738,8.2118,32.4867,25.2708,4.49E-05,0.1085,0.9195,197.027,67.745,8.117
20240905,S4,80.017,8.2066,32.4864,25.2713,4.49E-05,0.1012,0.9833,196.627,67.6,8.117
20240905,S4,80.201,8.1999,32.487,25.2728,4.49E-05,0.0929,1.0587,196.483,67.54,8.117
20240905,S4,80.308,8.1915,32.4896,25.276,4.49E-05,0.092,1.0094,196.513,67.539,8.117
20240905,S4,80.442,8.1817,32.4921,25.2794,4.49E-05,0.0929,0.9166,196.539,67.535,8.117
20240905,S4,80.605,8.1553,32.4946,25.2853,4.49E-05,0.0957,0.9253,196.766,67.574,8.117
20240905,S4,80.805,8.1323,32.4937,25.2879,4.49E-05,0.1085,0.9659,197.001,67.619,8.117
20240905,S4,81.085,8.1032,32.4897,25.289,4.49E-05,0.1076,0.9775,197.181,67.635,8.116
20240905,S4,81.369,8.0788,32.4887,25.2918,4.49E-05,0.1076,1.105,197.212,67.608,8.115
20240905,S4,81.499,8.0685,32.4806,25.2869,4.49E-05,0.1085,1.105,196.919,67.488,8.114
20240905,S4,81.572,8.0657,32.4825,25.2888,4.49E-05,0.0948,1.0152,196.485,67.336,8.113
20240905,S4,81.779,8.018,32.4899,25.3015,4.49E-05,0.0939,1.0123,196.298,67.203,8.113
20240905,S4,82.104,7.9652,32.4814,25.3025,4.49E-05,0.1067,0.9717,196.283,67.114,8.112
20240905,S4,82.406,7.9307,32.4764,25.3035,4.49E-05,0.1094,0.963,196.073,66.988,8.11
20240905,S4,82.55,7.9169,32.4708,25.3011,4.49E-05,0.0993,1.0992,195.576,66.795,8.108
20240905,S4,82.593,7.9187,32.4692,25.2996,4.49E-05,0.0948,1.1514,194.806,66.534,8.107
20240905,S4,82.718,7.9083,32.4682,25.3003,4.49E-05,0.0939,1.0094,194.245,66.326,8.106
20240905,S4,83.016,7.9212,32.4689,25.299,4.49E-05,0.0939,0.9166,193.842,66.208,8.105
20240905,S4,83.396,7.9148,32.4793,25.3081,6.02E-05,0.1021,1.0703,193.671,66.145,8.103
20240905,S4,83.601,7.9099,32.4801,25.3094,6.02E-05,0.1103,1.2471,193.536,66.092,8.102
20240905,S4,83.582,7.9137,32.4777,25.307,4.49E-05,0.1103,1.2297,193.232,65.993,8.102
20240905,S4,83.525,7.9148,32.4776,25.3068,6.02E-05,0.1103,1.1978,192.891,65.878,8.102
20240905,S4,83.583,7.9104,32.4789,25.3084,4.49E-05,0.1094,1.163,192.62,65.78,8.102
20240905,S4,83.847,7.9051,32.4806,25.3105,4.49E-05,0.1094,1.0587,192.285,65.658,8.102
20240905,S4,84.24,7.8816,32.4856,25.3178,6.02E-05,0.1085,1.0789,192.153,65.581,8.102
20240905,S4,84.576,7.8644,32.4892,25.3231,4.49E-05,0.1076,1.2471,192.147,65.555,8.102
20240905,S4,84.774,7.8338,32.4918,25.3295,4.49E-05,0.1076,1.2471,192.319,65.57,8.101
20240905,S4,84.91,7.8252,32.4848,25.3252,4.49E-05,0.1085,1.3834,192.448,65.598,8.101
20240905,S4,85.083,7.8059,32.4903,25.3323,4.49E-05,0.1085,1.3863,192.406,65.557,8.101
20240905,S4,85.303,7.7484,32.4895,25.3398,4.49E-05,0.0948,1.3486,192.341,65.45,8.101
20240905,S4,85.499,7.7264,32.4765,25.3327,4.49E-05,0.0929,1.3399,191.99,65.292,8.099
20240905,S4,85.652,7.748,32.4732,25.3271,4.49E-05,0.1039,1.3747,191.442,65.136,8.098
20240905,S4,85.859,7.7702,32.4763,25.3264,4.49E-05,0.1085,1.3863,191.034,65.031,8.096
20240905,S4,86.144,7.7909,32.4842,25.3297,4.49E-05,0.1076,1.4153,190.684,64.946,8.095
20240905,S4,86.37,7.7934,32.4919,25.3354,4.49E-05,0.1076,1.4327,190.401,64.857,8.095
20240905,S4,86.452,7.7879,32.4927,25.3368,4.49E-05,0.1085,1.4327,190.077,64.739,8.096
20240905,S4,86.515,7.7872,32.4918,25.3362,4.49E-05,0.1094,1.4327,189.771,64.633,8.096
20240905,S4,86.634,7.7933,32.4912,25.3348,4.49E-05,0.1039,1.3805,189.463,64.537,8.096
20240905,S4,86.79,7.8034,32.4938,25.3354,4.49E-05,0.0948,1.2935,189.342,64.512,8.096
20240905,S4,86.991,7.8092,32.4973,25.3374,4.49E-05,0.0984,1.337,189.303,64.508,8.096
20240905,S4,87.271,7.7949,32.5052,25.3456,4.49E-05,0.1094,1.4819,189.42,64.531,8.097
20240905,S4,87.565,7.7393,32.5117,25.3586,4.49E-05,0.1094,1.5022,189.749,64.565,8.098
20240905,S4,87.791,7.6956,32.4966,25.3529,4.49E-05,0.1103,1.6704,189.855,64.53,8.099
20240905,S4,87.971,7.6793,32.4945,25.3536,4.49E-05,0.1094,1.6704,189.818,64.493,8.099
20240905,S4,88.142,7.6623,32.4889,25.3516,4.49E-05,0.1085,1.5312,189.774,64.451,8.098
20240905,S4,88.279,7.6547,32.4893,25.3529,4.49E-05,0.1085,1.5283,189.674,64.406,8.097
20240905,S4,88.403,7.6459,32.4871,25.3524,4.49E-05,0.0948,1.4037,189.638,64.38,8.096
20240905,S4,88.606,7.6396,32.4851,25.3518,4.49E-05,0.0939,1.3863,189.477,64.315,8.095
20240905,S4,88.879,7.6338,32.4852,25.3527,4.49E-05,0.1048,1.4906,189.198,64.212,8.094
20240905,S4,89.083,7.628,32.4851,25.3534,4.49E-05,0.1085,1.5283,188.828,64.078,8.093
20240905,S4,89.177,7.6261,32.4852,25.3537,4.49E-05,0.1076,1.5573,188.34,63.91,8.093
20240905,S4,89.247,7.6245,32.4856,25.3543,4.49E-05,0.1076,1.5747,187.887,63.754,8.092
20240905,S4,89.399,7.6271,32.4856,25.3539,4.49E-05,0.1076,1.5051,187.579,63.653,8.092
20240905,S4,89.677,7.6383,32.4901,25.3559,4.49E-05,0.1085,1.4356,187.299,63.576,8.092
20240905,S4,89.945,7.6355,32.4978,25.3623,4.49E-05,0.103,1.5747,187.134,63.52,8.091
20240905,S4,90.081,7.6339,32.4973,25.3621,4.49E-05,0.092,1.8096,187.083,63.5,8.092
20240905,S4,90.196,7.6344,32.4976,25.3623,4.49E-05,0.092,1.7864,186.909,63.442,8.092
20240905,S4,90.417,7.6354,32.4994,25.3636,4.49E-05,0.092,1.7168,186.693,63.371,8.092
20240905,S4,90.691,7.642,32.5003,25.3634,4.49E-05,0.0948,1.7429,186.529,63.325,8.092
20240905,S4,90.959,7.659,32.5022,25.3624,4.49E-05,0.1076,1.9516,186.416,63.312,8.092
20240905,S4,91.207,7.6846,32.5133,25.3676,4.49E-05,0.1076,1.9516,186.332,63.325,8.093
20240905,S4,91.459,7.6988,32.5227,25.373,4.49E-05,0.1076,1.9052,186.384,63.367,8.094
20240905,S4,91.641,7.7035,32.5284,25.3768,4.49E-05,0.1067,1.9052,186.435,63.394,8.095
20240905,S4,91.675,7.7033,32.5297,25.3779,4.49E-05,0.1076,1.7806,186.37,63.372,8.096
20240905,S4,91.68,7.7034,32.5296,25.3777,4.49E-05,0.1085,1.7632,186.521,63.424,8.097
20240905,S4,91.811,7.7059,32.5317,25.3791,4.49E-05,0.1085,1.4819,186.861,63.544,8.098
20240905,S4,92.045,7.7075,32.5413,25.3864,4.49E-05,0.1085,1.3863,187.233,63.677,8.099
20240905,S4,92.311,7.705,32.5453,25.3899,4.49E-05,0.1076,1.5631,187.633,63.812,8.1
20240905,S4,92.561,7.7001,32.5492,25.3937,4.49E-05,0.1085,1.6675,187.909,63.9,8.101
20240905,S4,92.734,7.6903,32.5543,25.399,4.49E-05,0.1003,1.8096,188.136,63.965,8.102
20240905,S4,92.791,7.689,32.5536,25.3987,4.49E-05,0.0929,1.9516,188.239,63.998,8.103
20240905,S4,92.807,7.6873,32.5543,25.3994,4.49E-05,0.0993,1.769,188.093,63.946,8.103
20240905,S4,92.973,7.6853,32.556,25.4011,4.49E-05,0.1085,1.4819,187.906,63.881,8.103
20240905,S4,93.338,7.6831,32.5586,25.4035,4.49E-05,0.1085,1.5747,187.761,63.83,8.104
20240905,S4,93.736,7.6642,32.568,25.4135,4.49E-05,0.1085,1.8588,187.75,63.803,8.104
20240905,S4,93.999,7.6581,32.5678,25.4142,4.49E-05,0.1067,1.8704,187.699,63.777,8.104
20240905,S4,94.148,7.6511,32.5689,25.416,4.49E-05,0.0929,1.9516,187.648,63.75,8.104
20240905,S4,94.252,7.6491,32.5692,25.4166,4.49E-05,0.0929,1.9516,187.723,63.773,8.104
20240905,S4,94.294,7.6525,32.5665,25.414,4.49E-05,0.1085,1.8588,187.826,63.811,8.105
20240905,S4,94.36,7.6423,32.5701,25.4182,4.49E-05,0.1085,1.8559,187.825,63.798,8.105
20240905,S4,94.576,7.6361,32.5718,25.4204,4.49E-05,0.1085,1.5602,187.645,63.728,8.105
20240905,S4,94.933,7.6252,32.5734,25.4232,4.49E-05,0.1085,1.5283,187.524,63.673,8.105
20240905,S4,95.285,7.6214,32.5753,25.4252,4.49E-05,0.1085,1.8153,187.448,63.642,8.105
20240905,S4,95.478,7.609,32.5791,25.43,4.49E-05,0.1085,1.9052,187.555,63.662,8.105
20240905,S4,95.529,7.6122,32.5756,25.4268,4.49E-05,0.0984,1.7487,187.624,63.689,8.105
20240905,S4,95.579,7.6067,32.5784,25.4297,4.49E-05,0.0939,1.6675,187.564,63.662,8.105
20240905,S4,95.698,7.6046,32.5769,25.4288,4.49E-05,0.1012,1.6443,187.363,63.59,8.105
20240905,S4,95.899,7.6037,32.5766,25.4288,4.49E-05,0.1085,1.6182,187.078,63.492,8.105
20240905,S4,96.168,7.6014,32.5773,25.4296,4.49E-05,0.103,1.7168,186.816,63.4,8.105
20240905,S4,96.463,7.6011,32.5777,25.43,4.49E-05,0.0948,1.8559,186.7,63.36,8.104
20240905,S4,96.661,7.5959,32.5779,25.4309,4.49E-05,0.0939,1.8936,186.668,63.342,8.104
20240905,S4,96.715,7.5962,32.5766,25.4298,4.49E-05,0.0939,1.998,186.642,63.333,8.104
20240905,S4,96.789,7.5957,32.577,25.4302,4.49E-05,0.0966,1.9226,186.584,63.313,8.104
20240905,S4,97.012,7.5929,32.5771,25.4307,4.49E-05,0.1085,1.5283,186.464,63.268,8.104
20240905,S4,97.279,7.5889,32.5793,25.433,4.49E-05,0.1076,1.5399,186.299,63.207,8.104
20240905,S4,97.475,7.5862,32.5848,25.4377,4.49E-05,0.0939,2.0473,186.092,63.136,8.104
20240905,S4,97.68,7.5855,32.5906,25.4424,4.49E-05,0.0939,2.0473,185.849,63.055,8.104
20240905,S4,97.95,7.582,32.6003,25.4505,4.49E-05,0.1067,2.0879,185.593,62.968,8.104
20240905,S4,98.217,7.5792,32.6012,25.4516,4.49E-05,0.1085,2.0908,185.468,62.922,8.104
20240905,S4,98.414,7.577,32.601,25.4517,4.49E-05,0.0957,2.2734,185.377,62.888,8.105
20240905,S4,98.529,7.576,32.6009,25.4518,4.49E-05,0.0939,2.3256,185.301,62.86,8.105
20240905,S4,98.626,7.5746,32.6016,25.4525,4.49E-05,0.103,2.1401,185.367,62.881,8.105
20240905,S4,98.802,7.5671,32.6061,25.4571,4.49E-05,0.1085,2.0444,185.405,62.885,8.105
20240905,S4,99.006,7.5627,32.6098,25.4607,4.49E-05,0.1085,2.1459,185.368,62.868,8.105
20240905,S4,99.18,7.5653,32.6102,25.4606,4.49E-05,0.1076,2.2328,185.281,62.842,8.105
20240905,S4,99.385,7.5723,32.615,25.4634,4.49E-05,0.1076,2.3517,185.12,62.8,8.104
20240905,S4,99.616,7.5764,32.6182,25.4653,4.49E-05,0.1085,2.5141,185.002,62.767,8.104
20240905,S4,99.762,7.5792,32.6204,25.4667,4.49E-05,0.1085,2.488,184.888,62.734,8.105
20240905,S4,99.824,7.5789,32.6212,25.4673,4.49E-05,0.1076,2.4213,184.666,62.658,8.106
20240905,S4,99.947,7.5813,32.6208,25.4667,4.49E-05,0.1058,2.3459,184.375,62.563,8.107
20240905,S4,100.172,7.5829,32.624,25.469,4.49E-05,0.0929,1.998,184.342,62.555,8.108
20240905,S4,100.416,7.5846,32.6329,25.4758,4.49E-05,0.0929,2.0096,184.457,62.601,8.108
20240905,S4,100.628,7.5811,32.6388,25.4809,4.49E-05,0.1085,2.3778,184.74,62.695,8.109
20240905,S4,100.831,7.5748,32.6436,25.4856,4.49E-05,0.1085,2.372,184.941,62.756,8.11
20240905,S4,101.063,7.5732,32.6467,25.4882,4.49E-05,0.1076,2.5025,184.953,62.759,8.111
20240905,S4,101.275,7.5756,32.6537,25.4934,4.49E-05,0.1076,2.5141,184.834,62.725,8.111
20240905,S4,101.39,7.5769,32.6574,25.4961,4.49E-05,0.1076,2.5894,184.696,62.682,8.111
20240905,S4,101.491,7.5777,32.6579,25.4964,4.49E-05,0.1085,2.6068,184.526,62.626,8.111
20240905,S4,101.688,7.579,32.6584,25.4966,4.49E-05,0.1076,2.4793,184.368,62.574,8.111
20240905,S4,101.982,7.5814,32.6618,25.4989,4.49E-05,0.1076,2.4213,184.318,62.562,8.112
20240905,S4,102.299,7.5828,32.6655,25.5017,4.49E-05,0.1085,2.8011,184.25,62.543,8.113
20240905,S4,102.524,7.5836,32.6728,25.5073,4.49E-05,0.1085,3.1229,184.271,62.555,8.114
20240905,S4,102.654,7.5838,32.6742,25.5083,4.49E-05,0.1085,3.1229,184.372,62.59,8.115
20240905,S4,102.8,7.5847,32.676,25.5096,4.49E-05,0.1085,3.1229,184.533,62.646,8.115
20240905,S4,102.973,7.5856,32.6801,25.5127,4.49E-05,0.1122,3.1374,184.657,62.692,8.116
20240905,S4,103.092,7.586,32.682,25.5142,4.49E-05,0.1231,3.1664,184.785,62.737,8.116
20240905,S4,103.217,7.586,32.6826,25.5146,4.49E-05,0.1231,3.1664,184.829,62.752,8.117
20240905,S4,103.432,7.5858,32.6828,25.5148,4.49E-05,0.1231,3.1664,184.883,62.77,8.118
20240905,S4,103.66,7.5857,32.6835,25.5154,4.49E-05,0.1231,3.1925,184.9,62.776,8.118
20240905,S4,103.817,7.5856,32.6834,25.5153,4.49E-05,0.1231,3.7172,184.875,62.767,8.119
20240905,S4,103.985,7.5856,32.6834,25.5153,4.49E-05,0.1231,3.7143,184.936,62.788,8.119
20240905,S4,104.188,7.5854,32.6836,25.5155,4.49E-05,0.1231,3.7549,184.971,62.8,8.12
20240905,S4,104.248,7.5853,32.6837,25.5156,4.49E-05,0.1231,3.7607,184.984,62.804,8.12
20240905,S4,104.203,7.5853,32.6838,25.5157,4.49E-05,0.1112,3.3606,184.905,62.777,8.12
20240905,S4,104.337,7.5842,32.6848,25.5166,4.49E-05,0.1085,3.2621,184.76,62.727,8.121
20240905,S4,104.73,7.5835,32.6855,25.5173,4.49E-05,0.1067,3.2302,184.69,62.702,8.121
20240905,S4,105.076,7.5832,32.6856,25.5174,4.49E-05,0.1085,3.2157,184.808,62.742,8.121
20240905,S4,105.117,7.5836,32.6853,25.5171,4.49E-05,0.1177,3.5143,184.87,62.764,8.122
20240905,S4,104.998,7.5844,32.6853,25.517,4.49E-05,0.1241,3.7578,184.814,62.746,8.122
20240905,S4,104.902,7.5839,32.6852,25.517,4.49E-05,0.1231,3.4766,184.789,62.736,8.122
20240905,S4,104.907,7.5834,32.6853,25.5171,4.49E-05,0.1231,3.0765,184.803,62.741,8.123
20240905,S4,105.055,7.5832,32.6852,25.5171,4.49E-05,0.1231,3.0765,184.818,62.745,8.123
20240905,S4,105.296,7.5833,32.6851,25.517,4.49E-05,0.1231,3.0765,184.82,62.746,8.123
20240905,S4,105.495,7.583,32.6852,25.5171,4.49E-05,0.1222,3.1896,184.845,62.754,8.123
20240905,S4,105.52,7.5832,32.6851,25.5171,4.49E-05,0.1231,3.7636,184.871,62.763,8.124
20240905,S4,105.471,7.5835,32.6849,25.5168,4.49E-05,0.1231,3.7317,184.76,62.726,8.124
20240905,S4,105.51,7.5837,32.6845,25.5165,4.49E-05,0.1231,3.0707,184.519,62.644,8.124
20240905,S4,105.653,7.5836,32.6846,25.5166,4.49E-05,0.1231,3.0765,184.195,62.534,8.124
20240905,S4,105.856,7.5834,32.6848,25.5168,4.49E-05,0.1231,3.207,183.917,62.44,8.124
20240905,S4,106.096,7.5825,32.6855,25.5175,4.49E-05,0.1231,3.2157,183.825,62.407,8.124
20240905,S4,106.329,7.582,32.6858,25.5178,4.49E-05,0.1222,3.6911,183.924,62.44,8.125
20240905,S4,106.395,7.5822,32.6856,25.5176,4.49E-05,0.1231,3.8071,183.98,62.459,8.125
20240905,S4,106.199,7.5834,32.6852,25.5171,4.49E-05,0.1231,3.5056,184.04,62.481,8.126
20240905,S4,105.971,7.5837,32.6851,25.517,4.49E-05,0.1231,3.3577,184.182,62.53,8.126
20240905,S4,105.947,7.5836,32.6852,25.5171,4.49E-05,0.1231,3.2273,184.188,62.532,8.126
20240905,S4,106.192,7.5826,32.6852,25.5172,4.49E-05,0.1241,3.1229,184.217,62.54,8.126
20240905,S4,106.467,7.5825,32.6853,25.5173,4.49E-05,0.1231,3.2389,184.124,62.509,8.126
20240905,S4,106.567,7.5819,32.6855,25.5175,4.49E-05,0.1231,3.4012,184.192,62.531,8.126
20240905,S4,106.535,7.5823,32.6855,25.5175,4.49E-05,0.1231,3.3171,184.324,62.576,8.128
20240905,S4,106.523,7.5823,32.6853,25.5173,4.49E-05,0.1231,3.1258,184.517,62.642,8.127
20240905,S4,106.609,7.5822,32.6855,25.5175,4.49E-05,0.1204,3.1229,184.564,62.658,8.128
20240905,S4,106.743,7.5809,32.6867,25.5187,4.49E-05,0.1085,3.1229,184.266,62.555,8.128
20240905,S4,106.823,7.5804,32.6872,25.5191,4.49E-05,0.1085,3.1229,183.875,62.422,8.128
20240905,S4,106.863,7.5803,32.6873,25.5192,4.49E-05,0.125,3.1229,183.464,62.282,8.128
20240905,S4,106.92,7.5807,32.6869,25.5188,4.49E-05,0.1231,3.1229,183.359,62.247,8.129
20240905,S4,107.022,7.5817,32.6858,25.5178,4.49E-05,0.1094,3.1664,183.529,62.306,8.129
20240905,S4,107.196,7.5786,32.689,25.5208,4.49E-05,0.1085,3.1693,183.813,62.4,8.129
20240905,S4,107.382,7.5773,32.69,25.5217,4.49E-05,0.1204,3.4708,184.052,62.479,8.13
20240905,S4,107.524,7.5774,32.6899,25.5217,4.49E-05,0.1231,3.5433,184.156,62.514,8.13
20240905,S4,107.667,7.5769,32.6905,25.5222,4.49E-05,0.1231,3.8158,183.971,62.451,8.13
20240905,S4,107.75,7.5758,32.6913,25.523,4.49E-05,0.1231,3.9463,183.817,62.398,8.13
20240905,S4,107.68,7.5761,32.6913,25.5229,4.49E-05,0.1231,3.694,183.758,62.378,8.13
20240905,S4,107.645,7.5763,32.691,25.5227,4.49E-05,0.1231,3.4969,183.638,62.337,8.131
20240905,S4,107.695,7.5766,32.6906,25.5223,4.49E-05,0.1231,3.4563,183.488,62.287,8.131
20240905,S4,107.736,7.5768,32.6904,25.5221,4.49E-05,0.1241,3.4041,183.235,62.201,8.131
20240905,S4,107.714,7.5768,32.6903,25.522,4.49E-05,0.1241,3.3577,182.951,62.105,8.132
20240905,S4,107.699,7.5768,32.6903,25.5221,4.49E-05,0.1231,3.2621,182.954,62.106,8.132
20240905,S4,107.723,7.577,32.69,25.5218,4.49E-05,0.1231,3.2881,183.057,62.141,8.133
20240905,S4,107.673,7.5771,32.69,25.5218,4.49E-05,0.1231,3.4012,183.293,62.221,8.132
20240905,S4,107.563,7.5774,32.6899,25.5217,4.49E-05,0.125,3.3867,183.512,62.296,8.133
20240905,S4,107.538,7.5772,32.6898,25.5216,4.49E-05,0.1396,3.12,183.531,62.302,8.133
20240905,S4,107.591,7.5766,32.6904,25.5221,4.49E-05,0.1396,3.1229,183.37,62.247,8.133
20240905,S4,107.641,7.5769,32.6905,25.5222,4.49E-05,0.125,3.3403,183.247,62.206,8.133
20240905,S4,107.679,7.578,32.69,25.5217,4.49E-05,0.1241,3.3577,183.278,62.217,8.134
20240905,S4,107.727,7.5778,32.6901,25.5217,4.49E-05,0.1241,3.3577,183.462,62.28,8.134
20240905,S4,107.751,7.5775,32.6896,25.5214,4.49E-05,0.1241,3.3577,183.706,62.362,8.134
20240905,S4,107.695,7.5784,32.6888,25.5207,4.49E-05,0.1241,3.2621,183.806,62.397,8.134
20240905,S4,107.609,7.5795,32.6882,25.52,4.49E-05,0.1241,3.2186,183.741,62.376,8.135
20240905,S4,107.618,7.58,32.6881,25.5199,4.49E-05,0.1241,3.2186,183.561,62.315,8.136
20240905,S4,107.743,7.5787,32.6892,25.5209,2.97E-05,0.1241,3.2186,183.327,62.234,8.135
20240905,S4,107.834,7.5786,32.6885,25.5204,4.49E-05,0.1231,3.3374,183.07,62.147,8.136